<?xml version="1.0" encoding="UTF-8"?>
<import date="2018-09-01" source="exportFromUI">
   <EP>
       <table paramTableId="CATALOG_CARAC_NATURE_TYPE" paramDomainId="CATALOG" paramTableStatus="Publisher" clientOccAllowedParamTableInd="1" paramTableScope="Company" monoCurParamTableInd="0" unversionedParamTableInd="0" extParamTableInd="0" autoIncrParamTableInd="0" mode="global" exportId=" " lastParamTableExportDt="2020-09-24" timestamp="20202909145346579">
         <label>
            <ePObjectLbl languageCod="en">characteristic nature type</ePObjectLbl>
            <ePObjectLbl languageCod="fr">type de nature de caractéristique</ePObjectLbl>
         </label>
          <content>
            <parameter>
               <businessKey>
                  <cell paramTableColId="COMPANY_COD" value="00230" />
                  <cell paramTableColId="CARAC_NATURE_TYPE_COD" value="ADDIT" />
               </businessKey>
               <occurrence occurStatus="Client" occurStartDate="1970-01-01" lastOccurUpdateDt="2013-12-13" lastOccurUpdateUsrId="ADMINITG" updateSource=" " occurValidationDate="1970-01-01" timestamp="20201506121727658">
                  <cell paramTableColId="CARAC_NATURE_TYPE_LBL">
                     <label>
                        <ePObjectLbl languageCod="fr">Propriété complémentaires</ePObjectLbl>
                     </label>
                  </cell>
               </occurrence>
            </parameter>
            <parameter>
               <businessKey>
                  <cell paramTableColId="COMPANY_COD" value="00230" />
                  <cell paramTableColId="CARAC_NATURE_TYPE_COD" value="APVPR" />
               </businessKey>
               <occurrence occurStatus="Client" occurStartDate="1970-01-01" lastOccurUpdateDt="2013-12-13" lastOccurUpdateUsrId="ADMINITG" updateSource=" " occurValidationDate="1970-01-01" timestamp="20201506121727658">
                  <cell paramTableColId="CARAC_NATURE_TYPE_LBL">
                     <label>
                        <ePObjectLbl languageCod="fr">Informations liées à l'Après Vente Produits</ePObjectLbl>
                     </label>
                  </cell>
               </occurrence>
            </parameter>
            <parameter>
               <businessKey>
                  <cell paramTableColId="COMPANY_COD" value="00230" />
                  <cell paramTableColId="CARAC_NATURE_TYPE_COD" value="COLLATERAL" />
               </businessKey>
               <occurrence occurStatus="Client" occurStartDate="1970-01-01" lastOccurUpdateDt="2020-04-02" lastOccurUpdateUsrId="admin" updateSource=" " occurValidationDate="2018-09-01" occurValidationUsrId="admin" timestamp="20201506121727658">
                  <cell paramTableColId="CARAC_NATURE_TYPE_LBL">
                     <label>
                        <ePObjectLbl languageCod="fr">Collatéral</ePObjectLbl>
                     </label>
                  </cell>
               </occurrence>
            </parameter>
            <parameter>
               <businessKey>
                  <cell paramTableColId="COMPANY_COD" value="00230" />
                  <cell paramTableColId="CARAC_NATURE_TYPE_COD" value="DCRTB" />
               </businessKey>
               <occurrence occurStatus="Client" occurStartDate="1970-01-01" lastOccurUpdateDt="2017-11-21" lastOccurUpdateUsrId="admineditor" updateSource=" " occurValidationDate="1969-01-01" occurValidationUsrId="admineditor" timestamp="20201506121727658">
                  <cell paramTableColId="CARAC_NATURE_TYPE_LBL">
                     <label>
                        <ePObjectLbl languageCod="fr">Delivrance des carte de bancassurance</ePObjectLbl>
                     </label>
                  </cell>
               </occurrence>
            </parameter>
            <parameter>
               <businessKey>
                  <cell paramTableColId="COMPANY_COD" value="00230" />
                  <cell paramTableColId="CARAC_NATURE_TYPE_COD" value="DSPRD" />
               </businessKey>
               <occurrence occurStatus="Client" occurStartDate="1970-01-01" lastOccurUpdateDt="2013-12-13" lastOccurUpdateUsrId="ADMINITG" updateSource=" " occurValidationDate="1970-01-01" timestamp="20201506121727658">
                  <cell paramTableColId="CARAC_NATURE_TYPE_LBL">
                     <label>
                        <ePObjectLbl languageCod="fr">Spécificités Fonctionnement Produit</ePObjectLbl>
                     </label>
                  </cell>
               </occurrence>
            </parameter>
            <parameter>
               <businessKey>
                  <cell paramTableColId="COMPANY_COD" value="00230" />
                  <cell paramTableColId="CARAC_NATURE_TYPE_COD" value="MDPER" />
               </businessKey>
               <occurrence occurStatus="Client" occurStartDate="1970-01-01" lastOccurUpdateDt="2017-11-21" lastOccurUpdateUsrId="admineditor" updateSource=" " occurValidationDate="1969-01-01" occurValidationUsrId="admineditor" timestamp="20201506121727658">
                  <cell paramTableColId="CARAC_NATURE_TYPE_LBL">
                     <label>
                        <ePObjectLbl languageCod="fr">Modification de periodicite</ePObjectLbl>
                     </label>
                  </cell>
               </occurrence>
            </parameter>
            <parameter>
               <businessKey>
                  <cell paramTableColId="COMPANY_COD" value="00230" />
                  <cell paramTableColId="CARAC_NATURE_TYPE_COD" value="OPCPT" />
               </businessKey>
               <occurrence occurStatus="Client" occurStartDate="1970-01-01" lastOccurUpdateDt="2015-08-27" lastOccurUpdateUsrId="adminitg" updateSource=" " occurValidationDate="1969-01-01" occurValidationUsrId="adminitg" timestamp="20201506121727658">
                  <cell paramTableColId="CARAC_NATURE_TYPE_LBL">
                     <label>
                        <ePObjectLbl languageCod="fr">Option Compte</ePObjectLbl>
                     </label>
                  </cell>
               </occurrence>
            </parameter>
            <parameter>
               <businessKey>
                  <cell paramTableColId="COMPANY_COD" value="00230" />
                  <cell paramTableColId="CARAC_NATURE_TYPE_COD" value="OPCRT" />
               </businessKey>
               <occurrence occurStatus="Client" occurStartDate="1970-01-01" lastOccurUpdateDt="2015-08-27" lastOccurUpdateUsrId="adminitg" updateSource=" " occurValidationDate="1969-01-01" occurValidationUsrId="adminitg" timestamp="20201506121727658">
                  <cell paramTableColId="CARAC_NATURE_TYPE_LBL">
                     <label>
                        <ePObjectLbl languageCod="fr">Option Carte</ePObjectLbl>
                     </label>
                  </cell>
               </occurrence>
            </parameter>
            <parameter>
               <businessKey>
                  <cell paramTableColId="COMPANY_COD" value="00230" />
                  <cell paramTableColId="CARAC_NATURE_TYPE_COD" value="SCRGP" />
               </businessKey>
               <occurrence occurStatus="Client" occurStartDate="1970-01-01" lastOccurUpdateDt="2013-12-13" lastOccurUpdateUsrId="ADMINITG" updateSource=" " occurValidationDate="1970-01-01" timestamp="20201506121727658">
                  <cell paramTableColId="CARAC_NATURE_TYPE_LBL">
                     <label>
                        <ePObjectLbl languageCod="fr">Informations Souscription Offre Groupée</ePObjectLbl>
                     </label>
                  </cell>
               </occurrence>
            </parameter>
            <parameter>
               <businessKey>
                  <cell paramTableColId="COMPANY_COD" value="00230" />
                  <cell paramTableColId="CARAC_NATURE_TYPE_COD" value="SCRPR" />
               </businessKey>
               <occurrence occurStatus="Client" occurStartDate="1970-01-01" lastOccurUpdateDt="2013-12-13" lastOccurUpdateUsrId="ADMINITG" updateSource=" " occurValidationDate="1970-01-01" timestamp="20201506121727658">
                  <cell paramTableColId="CARAC_NATURE_TYPE_LBL">
                     <label>
                        <ePObjectLbl languageCod="fr">Informations Souscription Produit</ePObjectLbl>
                     </label>
                  </cell>
               </occurrence>
            </parameter>
            <parameter>
               <businessKey>
                  <cell paramTableColId="COMPANY_COD" value="SOPRA" />
                  <cell paramTableColId="CARAC_NATURE_TYPE_COD" value="ACT" />
               </businessKey>
               <occurrence occurStatus="Client" occurStartDate="1970-01-01" lastOccurUpdateDt="2016-06-24" lastOccurUpdateUsrId="SICUSER" updateSource=" " occurValidationDate="2012-01-01" timestamp="20201506121727658">
                  <cell paramTableColId="CARAC_NATURE_TYPE_LBL">
                     <label>
                        <ePObjectLbl languageCod="fr">Information sur l'acte</ePObjectLbl>
                        <ePObjectLbl languageCod="en">Information about the act</ePObjectLbl>
                     </label>
                  </cell>
               </occurrence>
            </parameter>
         </content>
      </table>
      

    </EP>
</import>