<?xml version="1.0" encoding="UTF-8"?>
<import date="2018-09-01" source="exportFromUI">
   <EP>
           <table paramTableId="CATALOG_CARAC_NATURE" paramDomainId="CATALOG" paramTableStatus="Publisher" clientOccAllowedParamTableInd="1" paramTableScope="Company" monoCurParamTableInd="0" unversionedParamTableInd="0" extParamTableInd="0" autoIncrParamTableInd="0" mode="global" exportId=" " lastParamTableExportDt="2018-09-01" timestamp="20201506121727658">
         
         
         <content>
            <parameter>
               <businessKey>
                  <cell paramTableColId="COMPANY_COD" value="00230" />
                  <cell paramTableColId="CARAC_NATURE_COD" value="ACSER" />
               </businessKey>
               <occurrence occurStatus="Client" occurStartDate="1970-01-01" lastOccurUpdateDt="2014-07-17" lastOccurUpdateUsrId="adminitg" updateSource=" " occurValidationDate="1969-01-01" occurValidationUsrId="adminitg" timestamp="20201506121727658">
                  <cell paramTableColId="CARAC_NATURE_LBL">
                     <label>
                        <ePObjectLbl languageCod="fr">Activation Service</ePObjectLbl>
                     </label>
                  </cell>
                  <cell paramTableColId="CARAC_NATURE_TYPE_COD" value="APVPR" />
               </occurrence>
            </parameter>
            <parameter>
               <businessKey>
                  <cell paramTableColId="COMPANY_COD" value="00230" />
                  <cell paramTableColId="CARAC_NATURE_COD" value="ACTAV" />
               </businessKey>
               <occurrence occurStatus="Client" occurStartDate="1970-01-01" lastOccurUpdateDt="2020-05-12" lastOccurUpdateUsrId="admin" updateSource=" " occurValidationDate="2018-09-01" occurValidationUsrId="admin" timestamp="20201506121727658">
                  <cell paramTableColId="CARAC_NATURE_LBL">
                     <label>
                        <ePObjectLbl languageCod="fr">Acte d'après vente</ePObjectLbl>
                     </label>
                  </cell>
                  <cell paramTableColId="CARAC_NATURE_TYPE_COD" value="APVPR" />
               </occurrence>
            </parameter>
            <parameter>
               <businessKey>
                  <cell paramTableColId="COMPANY_COD" value="00230" />
                  <cell paramTableColId="CARAC_NATURE_COD" value="ACTSP" />
               </businessKey>
               <occurrence occurStatus="Client" occurStartDate="1970-01-01" lastOccurUpdateDt="2020-05-07" lastOccurUpdateUsrId="admin" updateSource=" " occurValidationDate="2018-09-01" occurValidationUsrId="admin" timestamp="20201506121727658">
                  <cell paramTableColId="CARAC_NATURE_LBL">
                     <label>
                        <ePObjectLbl languageCod="fr">Acte de souscription</ePObjectLbl>
                     </label>
                  </cell>
                  <cell paramTableColId="CARAC_NATURE_TYPE_COD" value="SCRPR" />
               </occurrence>
            </parameter>
            <parameter>
               <businessKey>
                  <cell paramTableColId="COMPANY_COD" value="00230" />
                  <cell paramTableColId="CARAC_NATURE_COD" value="APVDT" />
               </businessKey>
               <occurrence occurStatus="Client" occurStartDate="1970-01-01" lastOccurUpdateDt="2015-06-16" lastOccurUpdateUsrId="adminitg" updateSource=" " occurValidationDate="1969-01-01" occurValidationUsrId="adminitg" timestamp="20201506121727658">
                  <cell paramTableColId="CARAC_NATURE_LBL">
                     <label>
                        <ePObjectLbl languageCod="fr">Acte d'apres vente Dotation</ePObjectLbl>
                     </label>
                  </cell>
                  <cell paramTableColId="CARAC_NATURE_TYPE_COD" value="APVPR" />
               </occurrence>
            </parameter>
            <parameter>
               <businessKey>
                  <cell paramTableColId="COMPANY_COD" value="00230" />
                  <cell paramTableColId="CARAC_NATURE_COD" value="APVPD" />
               </businessKey>
               <occurrence occurStatus="Client" occurStartDate="1970-01-01" lastOccurUpdateDt="2013-12-13" lastOccurUpdateUsrId="ADMINITG" updateSource=" " occurValidationDate="1970-01-01" timestamp="20201506121727658">
                  <cell paramTableColId="CARAC_NATURE_LBL">
                     <label>
                        <ePObjectLbl languageCod="fr">Après Vente Produit</ePObjectLbl>
                     </label>
                  </cell>
                  <cell paramTableColId="CARAC_NATURE_TYPE_COD" value="APVPR" />
               </occurrence>
            </parameter>
            <parameter>
               <businessKey>
                  <cell paramTableColId="COMPANY_COD" value="00230" />
                  <cell paramTableColId="CARAC_NATURE_COD" value="ASSRE" />
               </businessKey>
               <occurrence occurStatus="Client" occurStartDate="1970-01-01" lastOccurUpdateDt="2014-12-05" lastOccurUpdateUsrId="adminitg" updateSource=" " occurValidationDate="1969-01-01" occurValidationUsrId="adminitg" timestamp="20201506121727658">
                  <cell paramTableColId="CARAC_NATURE_LBL">
                     <label>
                        <ePObjectLbl languageCod="fr">Assures Bancassurance</ePObjectLbl>
                     </label>
                  </cell>
                  <cell paramTableColId="CARAC_NATURE_TYPE_COD" value="SCRPR" />
               </occurrence>
            </parameter>
            <parameter>
               <businessKey>
                  <cell paramTableColId="COMPANY_COD" value="00230" />
                  <cell paramTableColId="CARAC_NATURE_COD" value="BASSR" />
               </businessKey>
               <occurrence occurStatus="Client" occurStartDate="1970-01-01" lastOccurUpdateDt="2014-12-05" lastOccurUpdateUsrId="adminitg" updateSource=" " occurValidationDate="1969-01-01" occurValidationUsrId="adminitg" timestamp="20201506121727658">
                  <cell paramTableColId="CARAC_NATURE_LBL">
                     <label>
                        <ePObjectLbl languageCod="fr">Caracteristiques du bien a assurer</ePObjectLbl>
                     </label>
                  </cell>
                  <cell paramTableColId="CARAC_NATURE_TYPE_COD" value="SCRPR" />
               </occurrence>
            </parameter>
            <parameter>
               <businessKey>
                  <cell paramTableColId="COMPANY_COD" value="00230" />
                  <cell paramTableColId="CARAC_NATURE_COD" value="BENBA" />
               </businessKey>
               <occurrence occurStatus="Client" occurStartDate="1970-01-01" lastOccurUpdateDt="2014-08-11" lastOccurUpdateUsrId="adminitg" updateSource=" " occurValidationDate="1969-01-01" occurValidationUsrId="adminitg" timestamp="20201506121727658">
                  <cell paramTableColId="CARAC_NATURE_LBL">
                     <label>
                        <ePObjectLbl languageCod="fr">Bénéficiaires Bancassurance</ePObjectLbl>
                     </label>
                  </cell>
                  <cell paramTableColId="CARAC_NATURE_TYPE_COD" value="SCRPR" />
               </occurrence>
            </parameter>
            <parameter>
               <businessKey>
                  <cell paramTableColId="COMPANY_COD" value="00230" />
                  <cell paramTableColId="CARAC_NATURE_COD" value="BLCPD" />
               </businessKey>
               <occurrence occurStatus="Client" occurStartDate="1970-01-01" lastOccurUpdateDt="2013-12-13" lastOccurUpdateUsrId="ADMINITG" updateSource=" " occurValidationDate="1970-01-01" timestamp="20201506121727658">
                  <cell paramTableColId="CARAC_NATURE_LBL">
                     <label>
                        <ePObjectLbl languageCod="fr">Blocage de Renouvellement</ePObjectLbl>
                     </label>
                  </cell>
                  <cell paramTableColId="CARAC_NATURE_TYPE_COD" value="APVPR" />
               </occurrence>
            </parameter>
            <parameter>
               <businessKey>
                  <cell paramTableColId="COMPANY_COD" value="00230" />
                  <cell paramTableColId="CARAC_NATURE_COD" value="BLCWL" />
               </businessKey>
               <occurrence occurStatus="Client" occurStartDate="1970-01-01" lastOccurUpdateDt="2018-02-06" lastOccurUpdateUsrId="admineditor" updateSource=" " occurValidationDate="1969-01-01" occurValidationUsrId="admineditor" timestamp="20201506121727658">
                  <cell paramTableColId="CARAC_NATURE_LBL">
                     <label>
                        <ePObjectLbl languageCod="fr">Blocage Wallet</ePObjectLbl>
                     </label>
                  </cell>
                  <cell paramTableColId="CARAC_NATURE_TYPE_COD" value="APVPR" />
               </occurrence>
            </parameter>
            <parameter>
               <businessKey>
                  <cell paramTableColId="COMPANY_COD" value="00230" />
                  <cell paramTableColId="CARAC_NATURE_COD" value="CLTPD" />
               </businessKey>
               <occurrence occurStatus="Client" occurStartDate="1970-01-01" lastOccurUpdateDt="2013-12-13" lastOccurUpdateUsrId="ADMINITG" updateSource=" " occurValidationDate="1970-01-01" timestamp="20201506121727658">
                  <cell paramTableColId="CARAC_NATURE_LBL">
                     <label>
                        <ePObjectLbl languageCod="fr">Demande Clôture Produit</ePObjectLbl>
                     </label>
                  </cell>
                  <cell paramTableColId="CARAC_NATURE_TYPE_COD" value="APVPR" />
               </occurrence>
            </parameter>
            <parameter>
               <businessKey>
                  <cell paramTableColId="COMPANY_COD" value="00230" />
                  <cell paramTableColId="CARAC_NATURE_COD" value="COVIS" />
               </businessKey>
               <occurrence occurStatus="Client" occurStartDate="1970-01-01" lastOccurUpdateDt="2015-08-27" lastOccurUpdateUsrId="adminitg" updateSource=" " occurValidationDate="1969-01-01" occurValidationUsrId="adminitg" timestamp="20201506121727658">
                  <cell paramTableColId="CARAC_NATURE_LBL">
                     <label>
                        <ePObjectLbl languageCod="fr">Option Choix du visuel</ePObjectLbl>
                     </label>
                  </cell>
                  <cell paramTableColId="CARAC_NATURE_TYPE_COD" />
               </occurrence>
            </parameter>
            <parameter>
               <businessKey>
                  <cell paramTableColId="COMPANY_COD" value="00230" />
                  <cell paramTableColId="CARAC_NATURE_COD" value="CPTSG" />
               </businessKey>
               <occurrence occurStatus="Client" occurStartDate="1970-01-01" lastOccurUpdateDt="2013-12-13" lastOccurUpdateUsrId="ADMINITG" updateSource=" " occurValidationDate="1970-01-01" timestamp="20201506121727658">
                  <cell paramTableColId="CARAC_NATURE_LBL">
                     <label>
                        <ePObjectLbl languageCod="fr">Compte Support Souscription Groupée</ePObjectLbl>
                     </label>
                  </cell>
                  <cell paramTableColId="CARAC_NATURE_TYPE_COD" value="SCRGP" />
               </occurrence>
            </parameter>
            <parameter>
               <businessKey>
                  <cell paramTableColId="COMPANY_COD" value="00230" />
                  <cell paramTableColId="CARAC_NATURE_COD" value="CPTSP" />
               </businessKey>
               <occurrence occurStatus="Client" occurStartDate="1970-01-01" lastOccurUpdateDt="2013-12-13" lastOccurUpdateUsrId="ADMINITG" updateSource=" " occurValidationDate="1970-01-01" timestamp="20201506121727658">
                  <cell paramTableColId="CARAC_NATURE_LBL">
                     <label>
                        <ePObjectLbl languageCod="fr">Compte Support Souscription Produit</ePObjectLbl>
                     </label>
                  </cell>
                  <cell paramTableColId="CARAC_NATURE_TYPE_COD" value="SCRPR" />
               </occurrence>
            </parameter>
            <parameter>
               <businessKey>
                  <cell paramTableColId="COMPANY_COD" value="00230" />
                  <cell paramTableColId="CARAC_NATURE_COD" value="CRDEM" />
               </businessKey>
               <occurrence occurStatus="Client" occurStartDate="1970-01-01" lastOccurUpdateDt="2015-08-27" lastOccurUpdateUsrId="adminitg" updateSource=" " occurValidationDate="1969-01-01" occurValidationUsrId="adminitg" timestamp="20201506121727658">
                  <cell paramTableColId="CARAC_NATURE_LBL">
                     <label>
                        <ePObjectLbl languageCod="fr">Option Courrier dematerialise</ePObjectLbl>
                     </label>
                  </cell>
                  <cell paramTableColId="CARAC_NATURE_TYPE_COD" />
               </occurrence>
            </parameter>
            <parameter>
               <businessKey>
                  <cell paramTableColId="COMPANY_COD" value="00230" />
                  <cell paramTableColId="CARAC_NATURE_COD" value="CTCSP" />
               </businessKey>
               <occurrence occurStatus="Client" occurStartDate="1970-01-01" lastOccurUpdateDt="2013-12-13" lastOccurUpdateUsrId="ADMINITG" updateSource=" " occurValidationDate="1970-01-01" timestamp="20201506121727658">
                  <cell paramTableColId="CARAC_NATURE_LBL">
                     <label>
                        <ePObjectLbl languageCod="fr">Préférence de Contact Sscription Produit</ePObjectLbl>
                     </label>
                  </cell>
                  <cell paramTableColId="CARAC_NATURE_TYPE_COD" value="SCRPR" />
               </occurrence>
            </parameter>
            <parameter>
               <businessKey>
                  <cell paramTableColId="COMPANY_COD" value="00230" />
                  <cell paramTableColId="CARAC_NATURE_COD" value="CTRSG" />
               </businessKey>
               <occurrence occurStatus="Client" occurStartDate="1970-01-01" lastOccurUpdateDt="2013-12-13" lastOccurUpdateUsrId="ADMINITG" updateSource=" " occurValidationDate="1970-01-01" timestamp="20201506121727658">
                  <cell paramTableColId="CARAC_NATURE_LBL">
                     <label>
                        <ePObjectLbl languageCod="fr">Contrat Souscription Groupée</ePObjectLbl>
                     </label>
                  </cell>
                  <cell paramTableColId="CARAC_NATURE_TYPE_COD" value="SCRGP" />
               </occurrence>
            </parameter>
            <parameter>
               <businessKey>
                  <cell paramTableColId="COMPANY_COD" value="00230" />
                  <cell paramTableColId="CARAC_NATURE_COD" value="CTRSP" />
               </businessKey>
               <occurrence occurStatus="Client" occurStartDate="1970-01-01" lastOccurUpdateDt="2013-12-13" lastOccurUpdateUsrId="ADMINITG" updateSource=" " occurValidationDate="1970-01-01" timestamp="20201506121727658">
                  <cell paramTableColId="CARAC_NATURE_LBL">
                     <label>
                        <ePObjectLbl languageCod="fr">Contrat Souscription Produit</ePObjectLbl>
                     </label>
                  </cell>
                  <cell paramTableColId="CARAC_NATURE_TYPE_COD" value="SCRPR" />
               </occurrence>
            </parameter>
            <parameter>
               <businessKey>
                  <cell paramTableColId="COMPANY_COD" value="00230" />
                  <cell paramTableColId="CARAC_NATURE_COD" value="DAVC" />
               </businessKey>
               <occurrence occurStatus="Client" occurStartDate="1970-01-01" lastOccurUpdateDt="2014-09-01" lastOccurUpdateUsrId="adminitg" updateSource=" " occurValidationDate="1969-01-01" occurValidationUsrId="adminitg" timestamp="20201506121727658">
                  <cell paramTableColId="CARAC_NATURE_LBL">
                     <label>
                        <ePObjectLbl languageCod="fr">Demande d'avance</ePObjectLbl>
                     </label>
                  </cell>
                  <cell paramTableColId="CARAC_NATURE_TYPE_COD" value="APVPR" />
               </occurrence>
            </parameter>
            <parameter>
               <businessKey>
                  <cell paramTableColId="COMPANY_COD" value="00230" />
                  <cell paramTableColId="CARAC_NATURE_COD" value="DBLWL" />
               </businessKey>
               <occurrence occurStatus="Client" occurStartDate="1970-01-01" lastOccurUpdateDt="2018-02-16" lastOccurUpdateUsrId="admineditor" updateSource=" " occurValidationDate="1969-01-01" occurValidationUsrId="admineditor" timestamp="20201506121727658">
                  <cell paramTableColId="CARAC_NATURE_LBL">
                     <label>
                        <ePObjectLbl languageCod="fr">Deblocage Wallet</ePObjectLbl>
                     </label>
                  </cell>
                  <cell paramTableColId="CARAC_NATURE_TYPE_COD" value="APVPR" />
               </occurrence>
            </parameter>
            <parameter>
               <businessKey>
                  <cell paramTableColId="COMPANY_COD" value="00230" />
                  <cell paramTableColId="CARAC_NATURE_COD" value="DCLAR" />
               </businessKey>
               <occurrence occurStatus="Client" occurStartDate="1970-01-01" lastOccurUpdateDt="2014-12-05" lastOccurUpdateUsrId="adminitg" updateSource=" " occurValidationDate="1969-01-01" occurValidationUsrId="adminitg" timestamp="20201506121727658">
                  <cell paramTableColId="CARAC_NATURE_LBL">
                     <label>
                        <ePObjectLbl languageCod="fr">Autres declarations sur le risque</ePObjectLbl>
                     </label>
                  </cell>
                  <cell paramTableColId="CARAC_NATURE_TYPE_COD" value="SCRPR" />
               </occurrence>
            </parameter>
            <parameter>
               <businessKey>
                  <cell paramTableColId="COMPANY_COD" value="00230" />
                  <cell paramTableColId="CARAC_NATURE_COD" value="DCRTB" />
               </businessKey>
               <occurrence occurStatus="Client" occurStartDate="1970-01-01" lastOccurUpdateDt="2020-04-02" lastOccurUpdateUsrId="admin" updateSource=" " occurValidationDate="2018-09-01" occurValidationUsrId="admin" timestamp="20201506121727658">
                  <cell paramTableColId="CARAC_NATURE_LBL">
                     <label>
                        <ePObjectLbl languageCod="fr">Delivrance des carte de bancassurance</ePObjectLbl>
                     </label>
                  </cell>
                  <cell paramTableColId="CARAC_NATURE_TYPE_COD" value="APVPR" />
               </occurrence>
            </parameter>
            <parameter>
               <businessKey>
                  <cell paramTableColId="COMPANY_COD" value="00230" />
                  <cell paramTableColId="CARAC_NATURE_COD" value="DEVCR" />
               </businessKey>
               <occurrence occurStatus="Client" occurStartDate="1970-01-01" lastOccurUpdateDt="2014-11-05" lastOccurUpdateUsrId="adminitg" updateSource=" " occurValidationDate="1969-01-01" occurValidationUsrId="adminitg" timestamp="20201506121727658">
                  <cell paramTableColId="CARAC_NATURE_LBL">
                     <label>
                        <ePObjectLbl languageCod="fr">Devises de la carte</ePObjectLbl>
                     </label>
                  </cell>
                  <cell paramTableColId="CARAC_NATURE_TYPE_COD" value="SCRPR" />
               </occurrence>
            </parameter>
            <parameter>
               <businessKey>
                  <cell paramTableColId="COMPANY_COD" value="00230" />
                  <cell paramTableColId="CARAC_NATURE_COD" value="DOCSG" />
               </businessKey>
               <occurrence occurStatus="Client" occurStartDate="1970-01-01" lastOccurUpdateDt="2013-12-13" lastOccurUpdateUsrId="ADMINITG" updateSource=" " occurValidationDate="1970-01-01" timestamp="20201506121727658">
                  <cell paramTableColId="CARAC_NATURE_LBL">
                     <label>
                        <ePObjectLbl languageCod="fr">Documents bq Souscription Groupée</ePObjectLbl>
                     </label>
                  </cell>
                  <cell paramTableColId="CARAC_NATURE_TYPE_COD" value="SCRGP" />
               </occurrence>
            </parameter>
            <parameter>
               <businessKey>
                  <cell paramTableColId="COMPANY_COD" value="00230" />
                  <cell paramTableColId="CARAC_NATURE_COD" value="DOCSP" />
               </businessKey>
               <occurrence occurStatus="Client" occurStartDate="1970-01-01" lastOccurUpdateDt="2013-12-13" lastOccurUpdateUsrId="ADMINITG" updateSource=" " occurValidationDate="1970-01-01" timestamp="20201506121727658">
                  <cell paramTableColId="CARAC_NATURE_LBL">
                     <label>
                        <ePObjectLbl languageCod="fr">Documents bq Souscription Produit</ePObjectLbl>
                     </label>
                  </cell>
                  <cell paramTableColId="CARAC_NATURE_TYPE_COD" value="SCRPR" />
               </occurrence>
            </parameter>
            <parameter>
               <businessKey>
                  <cell paramTableColId="COMPANY_COD" value="00230" />
                  <cell paramTableColId="CARAC_NATURE_COD" value="DODMD" />
               </businessKey>
               <occurrence occurStatus="Client" occurStartDate="1970-01-01" lastOccurUpdateDt="2017-03-30" lastOccurUpdateUsrId="admineditor" updateSource=" " occurValidationDate="1969-01-01" occurValidationUsrId="admineditor" timestamp="20201506121727658">
                  <cell paramTableColId="CARAC_NATURE_LBL">
                     <label>
                        <ePObjectLbl languageCod="fr">Donnees de la demande</ePObjectLbl>
                     </label>
                  </cell>
                  <cell paramTableColId="CARAC_NATURE_TYPE_COD" value="SCRPR" />
               </occurrence>
            </parameter>
            <parameter>
               <businessKey>
                  <cell paramTableColId="COMPANY_COD" value="00230" />
                  <cell paramTableColId="CARAC_NATURE_COD" value="DRCH" />
               </businessKey>
               <occurrence occurStatus="Client" occurStartDate="1970-01-01" lastOccurUpdateDt="2014-09-01" lastOccurUpdateUsrId="adminitg" updateSource=" " occurValidationDate="1969-01-01" occurValidationUsrId="adminitg" timestamp="20201506121727658">
                  <cell paramTableColId="CARAC_NATURE_LBL">
                     <label>
                        <ePObjectLbl languageCod="fr">Demande de rachat</ePObjectLbl>
                     </label>
                  </cell>
                  <cell paramTableColId="CARAC_NATURE_TYPE_COD" value="APVPR" />
               </occurrence>
            </parameter>
            <parameter>
               <businessKey>
                  <cell paramTableColId="COMPANY_COD" value="00230" />
                  <cell paramTableColId="CARAC_NATURE_COD" value="DSSER" />
               </businessKey>
               <occurrence occurStatus="Client" occurStartDate="1970-01-01" lastOccurUpdateDt="2014-07-17" lastOccurUpdateUsrId="adminitg" updateSource=" " occurValidationDate="1969-01-01" occurValidationUsrId="adminitg" timestamp="20201506121727658">
                  <cell paramTableColId="CARAC_NATURE_LBL">
                     <label>
                        <ePObjectLbl languageCod="fr">Désactivation Service</ePObjectLbl>
                     </label>
                  </cell>
                  <cell paramTableColId="CARAC_NATURE_TYPE_COD" value="APVPR" />
               </occurrence>
            </parameter>
            <parameter>
               <businessKey>
                  <cell paramTableColId="COMPANY_COD" value="00230" />
                  <cell paramTableColId="CARAC_NATURE_COD" value="EBDC" />
               </businessKey>
               <occurrence occurStatus="Client" occurStartDate="1970-01-01" lastOccurUpdateDt="2015-02-11" lastOccurUpdateUsrId="adminitg" updateSource=" " occurValidationDate="1969-01-01" occurValidationUsrId="adminitg" timestamp="20201506121727658">
                  <cell paramTableColId="CARAC_NATURE_LBL">
                     <label>
                        <ePObjectLbl languageCod="fr">Edition de BDC</ePObjectLbl>
                     </label>
                  </cell>
                  <cell paramTableColId="CARAC_NATURE_TYPE_COD" value="APVPR" />
               </occurrence>
            </parameter>
            <parameter>
               <businessKey>
                  <cell paramTableColId="COMPANY_COD" value="00230" />
                  <cell paramTableColId="CARAC_NATURE_COD" value="ENFBA" />
               </businessKey>
               <occurrence occurStatus="Client" occurStartDate="1970-01-01" lastOccurUpdateDt="2014-08-11" lastOccurUpdateUsrId="adminitg" updateSource=" " occurValidationDate="1969-01-01" occurValidationUsrId="adminitg" timestamp="20201506121727658">
                  <cell paramTableColId="CARAC_NATURE_LBL">
                     <label>
                        <ePObjectLbl languageCod="fr">Enfant bénéficiaire Bancassurance Epargne</ePObjectLbl>
                     </label>
                  </cell>
                  <cell paramTableColId="CARAC_NATURE_TYPE_COD" value="SCRPR" />
               </occurrence>
            </parameter>
            <parameter>
               <businessKey>
                  <cell paramTableColId="COMPANY_COD" value="00230" />
                  <cell paramTableColId="CARAC_NATURE_COD" value="FCTSG" />
               </businessKey>
               <occurrence occurStatus="Client" occurStartDate="1970-01-01" lastOccurUpdateDt="2013-12-13" lastOccurUpdateUsrId="ADMINITG" updateSource=" " occurValidationDate="1970-01-01" timestamp="20201506121727658">
                  <cell paramTableColId="CARAC_NATURE_LBL">
                     <label>
                        <ePObjectLbl languageCod="fr">Généralités Souscription Groupée</ePObjectLbl>
                     </label>
                  </cell>
                  <cell paramTableColId="CARAC_NATURE_TYPE_COD" value="SCRGP" />
               </occurrence>
            </parameter>
            <parameter>
               <businessKey>
                  <cell paramTableColId="COMPANY_COD" value="00230" />
                  <cell paramTableColId="CARAC_NATURE_COD" value="GESCF" />
               </businessKey>
               <occurrence occurStatus="Client" occurStartDate="1970-01-01" lastOccurUpdateDt="2017-03-30" lastOccurUpdateUsrId="admineditor" updateSource=" " occurValidationDate="1969-01-01" occurValidationUsrId="admineditor" timestamp="20201506121727658">
                  <cell paramTableColId="CARAC_NATURE_LBL">
                     <label>
                        <ePObjectLbl languageCod="fr">Acte de gestion Coffre fort</ePObjectLbl>
                     </label>
                  </cell>
                  <cell paramTableColId="CARAC_NATURE_TYPE_COD" value="APVPR" />
               </occurrence>
            </parameter>
            <parameter>
               <businessKey>
                  <cell paramTableColId="COMPANY_COD" value="00230" />
                  <cell paramTableColId="CARAC_NATURE_COD" value="GESCR" />
               </businessKey>
               <occurrence occurStatus="Client" occurStartDate="1970-01-01" lastOccurUpdateDt="2014-05-22" lastOccurUpdateUsrId="adminitg" updateSource=" " occurValidationDate="1969-01-01" occurValidationUsrId="adminitg" timestamp="20201506121727658">
                  <cell paramTableColId="CARAC_NATURE_LBL">
                     <label>
                        <ePObjectLbl languageCod="fr">Acte de gestion Carte</ePObjectLbl>
                     </label>
                  </cell>
                  <cell paramTableColId="CARAC_NATURE_TYPE_COD" value="APVPR" />
               </occurrence>
            </parameter>
            <parameter>
               <businessKey>
                  <cell paramTableColId="COMPANY_COD" value="00230" />
                  <cell paramTableColId="CARAC_NATURE_COD" value="INTSG" />
               </businessKey>
               <occurrence occurStatus="Client" occurStartDate="1970-01-01" lastOccurUpdateDt="2013-12-13" lastOccurUpdateUsrId="ADMINITG" updateSource=" " occurValidationDate="1970-01-01" timestamp="20201506121727658">
                  <cell paramTableColId="CARAC_NATURE_LBL">
                     <label>
                        <ePObjectLbl languageCod="fr">Intervenant Sscription Groupée</ePObjectLbl>
                     </label>
                  </cell>
                  <cell paramTableColId="CARAC_NATURE_TYPE_COD" value="SCRGP" />
               </occurrence>
            </parameter>
            <parameter>
               <businessKey>
                  <cell paramTableColId="COMPANY_COD" value="00230" />
                  <cell paramTableColId="CARAC_NATURE_COD" value="INTSP" />
               </businessKey>
               <occurrence occurStatus="Client" occurStartDate="1970-01-01" lastOccurUpdateDt="2013-12-13" lastOccurUpdateUsrId="ADMINITG" updateSource=" " occurValidationDate="1970-01-01" timestamp="20201506121727658">
                  <cell paramTableColId="CARAC_NATURE_LBL">
                     <label>
                        <ePObjectLbl languageCod="fr">Intervenant Souscription Produit</ePObjectLbl>
                     </label>
                  </cell>
                  <cell paramTableColId="CARAC_NATURE_TYPE_COD" value="SCRPR" />
               </occurrence>
            </parameter>
            <parameter>
               <businessKey>
                  <cell paramTableColId="COMPANY_COD" value="00230" />
                  <cell paramTableColId="CARAC_NATURE_COD" value="JUSSG" />
               </businessKey>
               <occurrence occurStatus="Client" occurStartDate="1970-01-01" lastOccurUpdateDt="2013-12-13" lastOccurUpdateUsrId="ADMINITG" updateSource=" " occurValidationDate="1970-01-01" timestamp="20201506121727658">
                  <cell paramTableColId="CARAC_NATURE_LBL">
                     <label>
                        <ePObjectLbl languageCod="fr">Justificatif souscription Groupée</ePObjectLbl>
                     </label>
                  </cell>
                  <cell paramTableColId="CARAC_NATURE_TYPE_COD" value="SCRGP" />
               </occurrence>
            </parameter>
            <parameter>
               <businessKey>
                  <cell paramTableColId="COMPANY_COD" value="00230" />
                  <cell paramTableColId="CARAC_NATURE_COD" value="JUSSP" />
               </businessKey>
               <occurrence occurStatus="Client" occurStartDate="1970-01-01" lastOccurUpdateDt="2013-12-13" lastOccurUpdateUsrId="ADMINITG" updateSource=" " occurValidationDate="1970-01-01" timestamp="20201506121727658">
                  <cell paramTableColId="CARAC_NATURE_LBL">
                     <label>
                        <ePObjectLbl languageCod="fr">Justificatif souscription Produit</ePObjectLbl>
                     </label>
                  </cell>
                  <cell paramTableColId="CARAC_NATURE_TYPE_COD" value="SCRPR" />
               </occurrence>
            </parameter>
            <parameter>
               <businessKey>
                  <cell paramTableColId="COMPANY_COD" value="00230" />
                  <cell paramTableColId="CARAC_NATURE_COD" value="LBDC" />
               </businessKey>
               <occurrence occurStatus="Client" occurStartDate="1970-01-01" lastOccurUpdateDt="2015-04-30" lastOccurUpdateUsrId="adminitg" updateSource=" " occurValidationDate="1969-01-01" occurValidationUsrId="adminitg" timestamp="20201506121727658">
                  <cell paramTableColId="CARAC_NATURE_LBL">
                     <label>
                        <ePObjectLbl languageCod="fr">LevÃ©e d'opposition BDC</ePObjectLbl>
                     </label>
                  </cell>
                  <cell paramTableColId="CARAC_NATURE_TYPE_COD" value="APVPR" />
               </occurrence>
            </parameter>
            <parameter>
               <businessKey>
                  <cell paramTableColId="COMPANY_COD" value="00230" />
                  <cell paramTableColId="CARAC_NATURE_COD" value="MBDC" />
               </businessKey>
               <occurrence occurStatus="Client" occurStartDate="1970-01-01" lastOccurUpdateDt="2015-04-30" lastOccurUpdateUsrId="adminitg" updateSource=" " occurValidationDate="1969-01-01" occurValidationUsrId="adminitg" timestamp="20201506121727658">
                  <cell paramTableColId="CARAC_NATURE_LBL">
                     <label>
                        <ePObjectLbl languageCod="fr">Mise en opposition BDC</ePObjectLbl>
                     </label>
                  </cell>
                  <cell paramTableColId="CARAC_NATURE_TYPE_COD" value="APVPR" />
               </occurrence>
            </parameter>
            <parameter>
               <businessKey>
                  <cell paramTableColId="COMPANY_COD" value="00230" />
                  <cell paramTableColId="CARAC_NATURE_COD" value="MCRDT" />
               </businessKey>
               <occurrence occurStatus="Client" occurStartDate="1970-01-01" lastOccurUpdateDt="2015-07-31" lastOccurUpdateUsrId="adminitg" updateSource=" " occurValidationDate="1969-01-01" occurValidationUsrId="adminitg" timestamp="20201506121727658">
                  <cell paramTableColId="CARAC_NATURE_LBL">
                     <label>
                        <ePObjectLbl languageCod="fr">Modification courrier dÃ©matÃ©rialisÃ©</ePObjectLbl>
                     </label>
                  </cell>
                  <cell paramTableColId="CARAC_NATURE_TYPE_COD" value="APVPR" />
               </occurrence>
            </parameter>
            <parameter>
               <businessKey>
                  <cell paramTableColId="COMPANY_COD" value="00230" />
                  <cell paramTableColId="CARAC_NATURE_COD" value="MDCE" />
               </businessKey>
               <occurrence occurStatus="Client" occurStartDate="1970-01-01" lastOccurUpdateDt="2017-01-11" lastOccurUpdateUsrId="admineditor" updateSource=" " occurValidationDate="1969-01-01" occurValidationUsrId="admineditor" timestamp="20201506121727658">
                  <cell paramTableColId="CARAC_NATURE_LBL">
                     <label>
                        <ePObjectLbl languageCod="fr">Modification contrat produit</ePObjectLbl>
                     </label>
                  </cell>
                  <cell paramTableColId="CARAC_NATURE_TYPE_COD" value="APVPR" />
               </occurrence>
            </parameter>
            <parameter>
               <businessKey>
                  <cell paramTableColId="COMPANY_COD" value="00230" />
                  <cell paramTableColId="CARAC_NATURE_COD" value="MDEVC" />
               </businessKey>
               <occurrence occurStatus="Client" occurStartDate="1970-01-01" lastOccurUpdateDt="2015-07-29" lastOccurUpdateUsrId="adminitg" updateSource=" " occurValidationDate="1969-01-01" occurValidationUsrId="adminitg" timestamp="20201506121727658">
                  <cell paramTableColId="CARAC_NATURE_LBL">
                     <label>
                        <ePObjectLbl languageCod="fr">Modification mode envoi courrier</ePObjectLbl>
                     </label>
                  </cell>
                  <cell paramTableColId="CARAC_NATURE_TYPE_COD" value="APVPR" />
               </occurrence>
            </parameter>
            <parameter>
               <businessKey>
                  <cell paramTableColId="COMPANY_COD" value="00230" />
                  <cell paramTableColId="CARAC_NATURE_COD" value="MDOPT" />
               </businessKey>
               <occurrence occurStatus="Client" occurStartDate="1970-01-01" lastOccurUpdateDt="2014-12-22" lastOccurUpdateUsrId="adminitg" updateSource=" " occurValidationDate="1969-01-01" occurValidationUsrId="adminitg" timestamp="20201506121727658">
                  <cell paramTableColId="CARAC_NATURE_LBL">
                     <label>
                        <ePObjectLbl languageCod="fr">Modification d'options</ePObjectLbl>
                     </label>
                  </cell>
                  <cell paramTableColId="CARAC_NATURE_TYPE_COD" value="APVPR" />
               </occurrence>
            </parameter>
            <parameter>
               <businessKey>
                  <cell paramTableColId="COMPANY_COD" value="00230" />
                  <cell paramTableColId="CARAC_NATURE_COD" value="MDPER" />
               </businessKey>
               <occurrence occurStatus="Client" occurStartDate="1970-01-01" lastOccurUpdateDt="2020-04-02" lastOccurUpdateUsrId="admin" updateSource=" " occurValidationDate="2018-09-01" occurValidationUsrId="admin" timestamp="20201506121727658">
                  <cell paramTableColId="CARAC_NATURE_LBL">
                     <label>
                        <ePObjectLbl languageCod="fr">Modification de periodicite</ePObjectLbl>
                     </label>
                  </cell>
                  <cell paramTableColId="CARAC_NATURE_TYPE_COD" value="APVPR" />
               </occurrence>
            </parameter>
            <parameter>
               <businessKey>
                  <cell paramTableColId="COMPANY_COD" value="00230" />
                  <cell paramTableColId="CARAC_NATURE_COD" value="MDSMS" />
               </businessKey>
               <occurrence occurStatus="Client" occurStartDate="1970-01-01" lastOccurUpdateDt="2014-07-17" lastOccurUpdateUsrId="adminitg" updateSource=" " occurValidationDate="1969-01-01" occurValidationUsrId="adminitg" timestamp="20201506121727658">
                  <cell paramTableColId="CARAC_NATURE_LBL">
                     <label>
                        <ePObjectLbl languageCod="fr">Modification services optionnels</ePObjectLbl>
                     </label>
                  </cell>
                  <cell paramTableColId="CARAC_NATURE_TYPE_COD" />
               </occurrence>
            </parameter>
            <parameter>
               <businessKey>
                  <cell paramTableColId="COMPANY_COD" value="00230" />
                  <cell paramTableColId="CARAC_NATURE_COD" value="MDVIS" />
               </businessKey>
               <occurrence occurStatus="Client" occurStartDate="1970-01-01" lastOccurUpdateDt="2015-07-29" lastOccurUpdateUsrId="adminitg" updateSource=" " occurValidationDate="1969-01-01" occurValidationUsrId="adminitg" timestamp="20201506121727658">
                  <cell paramTableColId="CARAC_NATURE_LBL">
                     <label>
                        <ePObjectLbl languageCod="fr">Modification du visuel</ePObjectLbl>
                     </label>
                  </cell>
                  <cell paramTableColId="CARAC_NATURE_TYPE_COD" value="APVPR" />
               </occurrence>
            </parameter>
            <parameter>
               <businessKey>
                  <cell paramTableColId="COMPANY_COD" value="00230" />
                  <cell paramTableColId="CARAC_NATURE_COD" value="MNTPR" />
               </businessKey>
               <occurrence occurStatus="Client" occurStartDate="1970-01-01" lastOccurUpdateDt="2013-12-13" lastOccurUpdateUsrId="ADMINITG" updateSource=" " occurValidationDate="1970-01-01" timestamp="20201506121727658">
                  <cell paramTableColId="CARAC_NATURE_LBL">
                     <label>
                        <ePObjectLbl languageCod="fr">Montant Périodique</ePObjectLbl>
                     </label>
                  </cell>
                  <cell paramTableColId="CARAC_NATURE_TYPE_COD" value="DSPRD" />
               </occurrence>
            </parameter>
            <parameter>
               <businessKey>
                  <cell paramTableColId="COMPANY_COD" value="00230" />
                  <cell paramTableColId="CARAC_NATURE_COD" value="OFFRE" />
               </businessKey>
               <occurrence occurStatus="Client" occurStartDate="1970-01-01" lastOccurUpdateDt="2013-12-13" lastOccurUpdateUsrId="ADMINITG" updateSource=" " occurValidationDate="1970-01-01" timestamp="20201506121727658">
                  <cell paramTableColId="CARAC_NATURE_LBL">
                     <label>
                        <ePObjectLbl languageCod="fr">Propriétés complémentaires Offre</ePObjectLbl>
                     </label>
                  </cell>
                  <cell paramTableColId="CARAC_NATURE_TYPE_COD" value="ADDIT" />
               </occurrence>
            </parameter>
            <parameter>
               <businessKey>
                  <cell paramTableColId="COMPANY_COD" value="00230" />
                  <cell paramTableColId="CARAC_NATURE_COD" value="PCM" />
               </businessKey>
               <occurrence occurStatus="Client" occurStartDate="1970-01-01" lastOccurUpdateDt="2013-12-13" lastOccurUpdateUsrId="ADMINITG" updateSource=" " occurValidationDate="1970-01-01" timestamp="20201506121727658">
                  <cell paramTableColId="CARAC_NATURE_LBL">
                     <label>
                        <ePObjectLbl languageCod="fr">Propriétés complémentaires Produit</ePObjectLbl>
                     </label>
                  </cell>
                  <cell paramTableColId="CARAC_NATURE_TYPE_COD" value="ADDIT" />
               </occurrence>
            </parameter>
            <parameter>
               <businessKey>
                  <cell paramTableColId="COMPANY_COD" value="00230" />
                  <cell paramTableColId="CARAC_NATURE_COD" value="PLFCR" />
               </businessKey>
               <occurrence occurStatus="Client" occurStartDate="1970-01-01" lastOccurUpdateDt="2013-12-13" lastOccurUpdateUsrId="ADMINITG" updateSource=" " occurValidationDate="1970-01-01" timestamp="20201506121727658">
                  <cell paramTableColId="CARAC_NATURE_LBL">
                     <label>
                        <ePObjectLbl languageCod="fr">Plafonds de Carte</ePObjectLbl>
                     </label>
                  </cell>
                  <cell paramTableColId="CARAC_NATURE_TYPE_COD" value="APVPR" />
               </occurrence>
            </parameter>
            <parameter>
               <businessKey>
                  <cell paramTableColId="COMPANY_COD" value="00230" />
                  <cell paramTableColId="CARAC_NATURE_COD" value="QMEDI" />
               </businessKey>
               <occurrence occurStatus="Client" occurStartDate="1970-01-01" lastOccurUpdateDt="2014-12-05" lastOccurUpdateUsrId="adminitg" updateSource=" " occurValidationDate="1969-01-01" occurValidationUsrId="adminitg" timestamp="20201506121727658">
                  <cell paramTableColId="CARAC_NATURE_LBL">
                     <label>
                        <ePObjectLbl languageCod="fr">Questionnaire medical</ePObjectLbl>
                     </label>
                  </cell>
                  <cell paramTableColId="CARAC_NATURE_TYPE_COD" value="SCRPR" />
               </occurrence>
            </parameter>
            <parameter>
               <businessKey>
                  <cell paramTableColId="COMPANY_COD" value="00230" />
                  <cell paramTableColId="CARAC_NATURE_COD" value="RATJU" />
               </businessKey>
               <occurrence occurStatus="Client" occurStartDate="1970-01-01" lastOccurUpdateDt="2015-09-16" lastOccurUpdateUsrId="adminitg" updateSource=" " occurValidationDate="1969-01-01" occurValidationUsrId="adminitg" timestamp="20201506121727658">
                  <cell paramTableColId="CARAC_NATURE_LBL">
                     <label>
                        <ePObjectLbl languageCod="fr">Rattachement de justificatifs</ePObjectLbl>
                     </label>
                  </cell>
                  <cell paramTableColId="CARAC_NATURE_TYPE_COD" value="APVPR" />
               </occurrence>
            </parameter>
            <parameter>
               <businessKey>
                  <cell paramTableColId="COMPANY_COD" value="00230" />
                  <cell paramTableColId="CARAC_NATURE_COD" value="RAVC" />
               </businessKey>
               <occurrence occurStatus="Client" occurStartDate="1970-01-01" lastOccurUpdateDt="2014-09-01" lastOccurUpdateUsrId="adminitg" updateSource=" " occurValidationDate="1969-01-01" occurValidationUsrId="adminitg" timestamp="20201506121727658">
                  <cell paramTableColId="CARAC_NATURE_LBL">
                     <label>
                        <ePObjectLbl languageCod="fr">Remboursement d'avance</ePObjectLbl>
                     </label>
                  </cell>
                  <cell paramTableColId="CARAC_NATURE_TYPE_COD" value="APVPR" />
               </occurrence>
            </parameter>
            <parameter>
               <businessKey>
                  <cell paramTableColId="COMPANY_COD" value="00230" />
                  <cell paramTableColId="CARAC_NATURE_COD" value="RDAT" />
               </businessKey>
               <occurrence occurStatus="Client" occurStartDate="1970-01-01" lastOccurUpdateDt="2015-02-11" lastOccurUpdateUsrId="adminitg" updateSource=" " occurValidationDate="1969-01-01" occurValidationUsrId="adminitg" timestamp="20201506121727658">
                  <cell paramTableColId="CARAC_NATURE_LBL">
                     <label>
                        <ePObjectLbl languageCod="fr">Rachat DAT</ePObjectLbl>
                     </label>
                  </cell>
                  <cell paramTableColId="CARAC_NATURE_TYPE_COD" value="APVPR" />
               </occurrence>
            </parameter>
            <parameter>
               <businessKey>
                  <cell paramTableColId="COMPANY_COD" value="00230" />
                  <cell paramTableColId="CARAC_NATURE_COD" value="REAPT" />
               </businessKey>
               <occurrence occurStatus="Client" occurStartDate="1970-01-01" lastOccurUpdateDt="2013-12-13" lastOccurUpdateUsrId="ADMINITG" updateSource=" " occurValidationDate="1970-01-01" timestamp="20201506121727658">
                  <cell paramTableColId="CARAC_NATURE_LBL">
                     <label>
                        <ePObjectLbl languageCod="fr">Réalisation Prêt</ePObjectLbl>
                     </label>
                  </cell>
                  <cell paramTableColId="CARAC_NATURE_TYPE_COD" value="APVPR" />
               </occurrence>
            </parameter>
            <parameter>
               <businessKey>
                  <cell paramTableColId="COMPANY_COD" value="00230" />
                  <cell paramTableColId="CARAC_NATURE_COD" value="REMCR" />
               </businessKey>
               <occurrence occurStatus="Client" occurStartDate="1970-01-01" lastOccurUpdateDt="2018-02-06" lastOccurUpdateUsrId="admineditor" updateSource=" " occurValidationDate="1969-01-01" occurValidationUsrId="admineditor" timestamp="20201506121727658">
                  <cell paramTableColId="CARAC_NATURE_LBL">
                     <label>
                        <ePObjectLbl languageCod="fr">Demande de remplacement de la carte </ePObjectLbl>
                     </label>
                  </cell>
                  <cell paramTableColId="CARAC_NATURE_TYPE_COD" value="APVPR" />
               </occurrence>
            </parameter>
            <parameter>
               <businessKey>
                  <cell paramTableColId="COMPANY_COD" value="00230" />
                  <cell paramTableColId="CARAC_NATURE_COD" value="RESPD" />
               </businessKey>
               <occurrence occurStatus="Client" occurStartDate="1970-01-01" lastOccurUpdateDt="2013-12-13" lastOccurUpdateUsrId="ADMINITG" updateSource=" " occurValidationDate="1970-01-01" timestamp="20201506121727658">
                  <cell paramTableColId="CARAC_NATURE_LBL">
                     <label>
                        <ePObjectLbl languageCod="fr">Demande de Résiliation</ePObjectLbl>
                     </label>
                  </cell>
                  <cell paramTableColId="CARAC_NATURE_TYPE_COD" value="APVPR" />
               </occurrence>
            </parameter>
            <parameter>
               <businessKey>
                  <cell paramTableColId="COMPANY_COD" value="00230" />
                  <cell paramTableColId="CARAC_NATURE_COD" value="RMEC" />
               </businessKey>
               <occurrence occurStatus="Client" occurStartDate="1970-01-01" lastOccurUpdateDt="2015-02-11" lastOccurUpdateUsrId="adminitg" updateSource=" " occurValidationDate="1969-01-01" occurValidationUsrId="adminitg" timestamp="20201506121727658">
                  <cell paramTableColId="CARAC_NATURE_LBL">
                     <label>
                        <ePObjectLbl languageCod="fr">Remboursement Ã  l'Ã©chÃ©ance</ePObjectLbl>
                     </label>
                  </cell>
                  <cell paramTableColId="CARAC_NATURE_TYPE_COD" value="APVPR" />
               </occurrence>
            </parameter>
            <parameter>
               <businessKey>
                  <cell paramTableColId="COMPANY_COD" value="00230" />
                  <cell paramTableColId="CARAC_NATURE_COD" value="RMVC" />
               </businessKey>
               <occurrence occurStatus="Client" occurStartDate="1970-01-01" lastOccurUpdateDt="2015-02-11" lastOccurUpdateUsrId="adminitg" updateSource=" " occurValidationDate="1969-01-01" occurValidationUsrId="adminitg" timestamp="20201506121727658">
                  <cell paramTableColId="CARAC_NATURE_LBL">
                     <label>
                        <ePObjectLbl languageCod="fr">Remboursement d'avance</ePObjectLbl>
                     </label>
                  </cell>
                  <cell paramTableColId="CARAC_NATURE_TYPE_COD" value="APVPR" />
               </occurrence>
            </parameter>
            <parameter>
               <businessKey>
                  <cell paramTableColId="COMPANY_COD" value="00230" />
                  <cell paramTableColId="CARAC_NATURE_COD" value="RPWD" />
               </businessKey>
               <occurrence occurStatus="Client" occurStartDate="1970-01-01" lastOccurUpdateDt="2018-02-06" lastOccurUpdateUsrId="admineditor" updateSource=" " occurValidationDate="1969-01-01" occurValidationUsrId="admineditor" timestamp="20201506121727658">
                  <cell paramTableColId="CARAC_NATURE_LBL">
                     <label>
                        <ePObjectLbl languageCod="fr">Reinitialisation du mot de passe</ePObjectLbl>
                     </label>
                  </cell>
                  <cell paramTableColId="CARAC_NATURE_TYPE_COD" value="APVPR" />
               </occurrence>
            </parameter>
            <parameter>
               <businessKey>
                  <cell paramTableColId="COMPANY_COD" value="00230" />
                  <cell paramTableColId="CARAC_NATURE_COD" value="RSIT" />
               </businessKey>
               <occurrence occurStatus="Client" occurStartDate="1970-01-01" lastOccurUpdateDt="2015-02-11" lastOccurUpdateUsrId="adminitg" updateSource=" " occurValidationDate="1969-01-01" occurValidationUsrId="adminitg" timestamp="20201506121727658">
                  <cell paramTableColId="CARAC_NATURE_LBL">
                     <label>
                        <ePObjectLbl languageCod="fr">Restiution des intÃ©rÃªts</ePObjectLbl>
                     </label>
                  </cell>
                  <cell paramTableColId="CARAC_NATURE_TYPE_COD" value="APVPR" />
               </occurrence>
            </parameter>
            <parameter>
               <businessKey>
                  <cell paramTableColId="COMPANY_COD" value="00230" />
                  <cell paramTableColId="CARAC_NATURE_COD" value="SSGPE" />
               </businessKey>
               <occurrence occurStatus="Client" occurStartDate="1970-01-01" lastOccurUpdateDt="2013-12-13" lastOccurUpdateUsrId="ADMINITG" updateSource=" " occurValidationDate="1970-01-01" timestamp="20201506121727658">
                  <cell paramTableColId="CARAC_NATURE_LBL">
                     <label>
                        <ePObjectLbl languageCod="fr">Souscription Offre Groupée</ePObjectLbl>
                     </label>
                  </cell>
                  <cell paramTableColId="CARAC_NATURE_TYPE_COD" value="SCRGP" />
               </occurrence>
            </parameter>
            <parameter>
               <businessKey>
                  <cell paramTableColId="COMPANY_COD" value="00230" />
                  <cell paramTableColId="CARAC_NATURE_COD" value="SSPDT" />
               </businessKey>
               <occurrence occurStatus="Client" occurStartDate="1970-01-01" lastOccurUpdateDt="2013-12-13" lastOccurUpdateUsrId="ADMINITG" updateSource=" " occurValidationDate="1970-01-01" timestamp="20201506121727658">
                  <cell paramTableColId="CARAC_NATURE_LBL">
                     <label>
                        <ePObjectLbl languageCod="fr">Souscription Produit</ePObjectLbl>
                     </label>
                  </cell>
                  <cell paramTableColId="CARAC_NATURE_TYPE_COD" value="SCRPR" />
               </occurrence>
            </parameter>
            <parameter>
               <businessKey>
                  <cell paramTableColId="COMPANY_COD" value="00230" />
                  <cell paramTableColId="CARAC_NATURE_COD" value="SUSPS" />
               </businessKey>
               <occurrence occurStatus="Client" occurStartDate="1970-01-01" lastOccurUpdateDt="2018-09-26" lastOccurUpdateUsrId="admineditor" updateSource=" " occurValidationDate="1969-01-01" occurValidationUsrId="admineditor" timestamp="20201506121727658">
                  <cell paramTableColId="CARAC_NATURE_LBL">
                     <label>
                        <ePObjectLbl languageCod="fr">Suspension OVP</ePObjectLbl>
                     </label>
                  </cell>
                  <cell paramTableColId="CARAC_NATURE_TYPE_COD" value="APVPR" />
               </occurrence>
            </parameter>
            <parameter>
               <businessKey>
                  <cell paramTableColId="COMPANY_COD" value="00230" />
                  <cell paramTableColId="CARAC_NATURE_COD" value="SVCPT" />
               </businessKey>
               <occurrence occurStatus="Client" occurStartDate="1970-01-01" lastOccurUpdateDt="2015-08-27" lastOccurUpdateUsrId="adminitg" updateSource=" " occurValidationDate="1969-01-01" occurValidationUsrId="adminitg" timestamp="20201506121727658">
                  <cell paramTableColId="CARAC_NATURE_LBL">
                     <label>
                        <ePObjectLbl languageCod="fr">Option Suivi de compte</ePObjectLbl>
                     </label>
                  </cell>
                  <cell paramTableColId="CARAC_NATURE_TYPE_COD" />
               </occurrence>
            </parameter>
            <parameter>
               <businessKey>
                  <cell paramTableColId="COMPANY_COD" value="00230" />
                  <cell paramTableColId="CARAC_NATURE_COD" value="TPABN" />
               </businessKey>
               <occurrence occurStatus="Client" occurStartDate="1970-01-01" lastOccurUpdateDt="2014-05-29" lastOccurUpdateUsrId="adminitg" updateSource=" " occurValidationDate="1969-01-01" occurValidationUsrId="adminitg" timestamp="20201506121727658">
                  <cell paramTableColId="CARAC_NATURE_LBL">
                     <label>
                        <ePObjectLbl languageCod="fr">Type d'abonnement</ePObjectLbl>
                     </label>
                  </cell>
                  <cell paramTableColId="CARAC_NATURE_TYPE_COD" value="APVPR" />
               </occurrence>
            </parameter>
            <parameter>
               <businessKey>
                  <cell paramTableColId="COMPANY_COD" value="00230" />
                  <cell paramTableColId="CARAC_NATURE_COD" value="VEXC" />
               </businessKey>
               <occurrence occurStatus="Client" occurStartDate="1970-01-01" lastOccurUpdateDt="2014-09-01" lastOccurUpdateUsrId="adminitg" updateSource=" " occurValidationDate="1969-01-01" occurValidationUsrId="adminitg" timestamp="20201506121727658">
                  <cell paramTableColId="CARAC_NATURE_LBL">
                     <label>
                        <ePObjectLbl languageCod="fr">Versement Exceptionnel</ePObjectLbl>
                     </label>
                  </cell>
                  <cell paramTableColId="CARAC_NATURE_TYPE_COD" value="APVPR" />
               </occurrence>
            </parameter>
         </content>
      </table>

    </EP>
</import>