<?xml version="1.0" encoding="UTF-8"?>
<import date="2018-09-01" source="export">
   <EP>
      <table paramTableId="CATALOG_TRANSAC_NATURE_TYPE" paramDomainId="CATALOG" paramTableStatus="Publisher" clientOccAllowedParamTableInd="1" paramTableScope="Company" monoCurParamTableInd="0" unversionedParamTableInd="0" extParamTableInd="0" autoIncrParamTableInd="0" mode="global" exportId=" " lastParamTableExportDt="2018-09-01" timestamp="20203103203546639">
         <label>
            <ePObjectLbl languageCod="fr">Type de nature d'opérations</ePObjectLbl>
            <ePObjectLbl languageCod="en">transaction nature type</ePObjectLbl>
         </label>
         <content>
            <parameter>
               <businessKey>
                  <cell paramTableColId="COMPANY_COD" value="00230" />
                  <cell paramTableColId="TRANSAC_NATURE_TYPE_COD" value="APVTE" />
               </businessKey>
               <occurrence occurStatus="Client" occurStartDate="1970-01-01" lastOccurUpdateDt="2020-03-31" lastOccurUpdateUsrId="admin" updateSource=" " occurValidationDate="2018-09-01" occurValidationUsrId="admin" timestamp="20203103203546639">
                  <cell paramTableColId="TRANSAC_NATURE_TYPE_LBL">
                     <label>
                        <ePObjectLbl languageCod="fr">Après-vente</ePObjectLbl>
                     </label>
                  </cell>
               </occurrence>
            </parameter>
            <parameter>
               <businessKey>
                  <cell paramTableColId="COMPANY_COD" value="00230" />
                  <cell paramTableColId="TRANSAC_NATURE_TYPE_COD" value="AVVTE" />
               </businessKey>
               <occurrence occurStatus="Client" occurStartDate="1970-01-01" lastOccurUpdateDt="2020-03-31" lastOccurUpdateUsrId="admin" updateSource=" " occurValidationDate="2018-09-01" occurValidationUsrId="admin" timestamp="20203103203546639">
                  <cell paramTableColId="TRANSAC_NATURE_TYPE_LBL">
                     <label>
                        <ePObjectLbl languageCod="fr">Avant-vente</ePObjectLbl>
                     </label>
                  </cell>
               </occurrence>
            </parameter>
            <parameter>
               <businessKey>
                  <cell paramTableColId="COMPANY_COD" value="00230" />
                  <cell paramTableColId="TRANSAC_NATURE_TYPE_COD" value="VENTE" />
               </businessKey>
               <occurrence occurStatus="Client" occurStartDate="1970-01-01" lastOccurUpdateDt="2020-03-31" lastOccurUpdateUsrId="admin" updateSource=" " occurValidationDate="2018-09-01" occurValidationUsrId="admin" timestamp="20203103203546639">
                  <cell paramTableColId="TRANSAC_NATURE_TYPE_LBL">
                     <label>
                        <ePObjectLbl languageCod="fr">Vente</ePObjectLbl>
                     </label>
                  </cell>
               </occurrence>
            </parameter>
         </content>
      </table>
   </EP>
</import>

