<?xml version="1.0" encoding="UTF-8"?>
<import date="2018-09-01" source="export">
   <EP>
       <table paramTableId="DISRM_MARKET" paramDomainId="DISTRIBUTION_RM" paramTableStatus="Publisher" clientOccAllowedParamTableInd="1" paramTableScope="Company" monoCurParamTableInd="0" unversionedParamTableInd="0" extParamTableInd="0" autoIncrParamTableInd="0" mode="global" exportId=" " lastParamTableExportDt="2018-09-01" timestamp="20201506121727658">
         <label>
            <ePObjectLbl languageCod="en">market</ePObjectLbl>
            <ePObjectLbl languageCod="fr">marché</ePObjectLbl>
         </label>
         
         <content>
            <parameter>
               <businessKey>
                  <cell paramTableColId="COMPANY_COD" value="00230" />
                  <cell paramTableColId="MARKET_COD" value="001" />
               </businessKey>
               <occurrence occurStatus="Client" occurStartDate="1970-01-01" lastOccurUpdateDt="2013-12-31" lastOccurUpdateUsrId="adminitg" updateSource=" " occurValidationDate="1969-01-01" occurValidationUsrId="adminitg" timestamp="20201506121727658">
                  <cell paramTableColId="MARKET_LBL">
                     <label>
                        <ePObjectLbl languageCod="fr">PARTICULIERS</ePObjectLbl>
                     </label>
                  </cell>
               </occurrence>
            </parameter>
            <parameter>
               <businessKey>
                  <cell paramTableColId="COMPANY_COD" value="00230" />
                  <cell paramTableColId="MARKET_COD" value="002" />
               </businessKey>
               <occurrence occurStatus="Client" occurStartDate="1970-01-01" lastOccurUpdateDt="2013-12-31" lastOccurUpdateUsrId="adminitg" updateSource=" " occurValidationDate="1969-01-01" occurValidationUsrId="adminitg" timestamp="20201506121727658">
                  <cell paramTableColId="MARKET_LBL">
                     <label>
                        <ePObjectLbl languageCod="fr">PROFESSIONNELS</ePObjectLbl>
                     </label>
                  </cell>
               </occurrence>
            </parameter>
            <parameter>
               <businessKey>
                  <cell paramTableColId="COMPANY_COD" value="00230" />
                  <cell paramTableColId="MARKET_COD" value="003" />
               </businessKey>
               <occurrence occurStatus="Client" occurStartDate="1970-01-01" lastOccurUpdateDt="2013-12-31" lastOccurUpdateUsrId="adminitg" updateSource=" " occurValidationDate="1969-01-01" occurValidationUsrId="adminitg" timestamp="20201506121727658">
                  <cell paramTableColId="MARKET_LBL">
                     <label>
                        <ePObjectLbl languageCod="fr">PME</ePObjectLbl>
                     </label>
                  </cell>
               </occurrence>
            </parameter>
            <parameter>
               <businessKey>
                  <cell paramTableColId="COMPANY_COD" value="00230" />
                  <cell paramTableColId="MARKET_COD" value="004" />
               </businessKey>
               <occurrence occurStatus="Client" occurStartDate="1970-01-01" lastOccurUpdateDt="2013-12-31" lastOccurUpdateUsrId="adminitg" updateSource=" " occurValidationDate="1969-01-01" occurValidationUsrId="adminitg" timestamp="20201506121727658">
                  <cell paramTableColId="MARKET_LBL">
                     <label>
                        <ePObjectLbl languageCod="fr">GE</ePObjectLbl>
                     </label>
                  </cell>
               </occurrence>
            </parameter>
            <parameter>
               <businessKey>
                  <cell paramTableColId="COMPANY_COD" value="00230" />
                  <cell paramTableColId="MARKET_COD" value="005" />
               </businessKey>
               <occurrence occurStatus="Client" occurStartDate="1970-01-01" lastOccurUpdateDt="2013-12-31" lastOccurUpdateUsrId="adminitg" updateSource=" " occurValidationDate="1969-01-01" occurValidationUsrId="adminitg" timestamp="20201506121727658">
                  <cell paramTableColId="MARKET_LBL">
                     <label>
                        <ePObjectLbl languageCod="fr">INSTITUTIONNELS</ePObjectLbl>
                     </label>
                  </cell>
               </occurrence>
            </parameter>
            <parameter>
               <businessKey>
                  <cell paramTableColId="COMPANY_COD" value="00230" />
                  <cell paramTableColId="MARKET_COD" value="006" />
               </businessKey>
               <occurrence occurStatus="Client" occurStartDate="1970-01-01" lastOccurUpdateDt="2013-12-31" lastOccurUpdateUsrId="adminitg" updateSource=" " occurValidationDate="1969-01-01" occurValidationUsrId="adminitg" timestamp="20201506121727658">
                  <cell paramTableColId="MARKET_LBL">
                     <label>
                        <ePObjectLbl languageCod="fr">PROMOTEURS PRIVES</ePObjectLbl>
                     </label>
                  </cell>
               </occurrence>
            </parameter>
            <parameter>
               <businessKey>
                  <cell paramTableColId="COMPANY_COD" value="00230" />
                  <cell paramTableColId="MARKET_COD" value="007" />
               </businessKey>
               <occurrence occurStatus="Client" occurStartDate="1970-01-01" lastOccurUpdateDt="2013-12-31" lastOccurUpdateUsrId="adminitg" updateSource=" " occurValidationDate="1969-01-01" occurValidationUsrId="adminitg" timestamp="20201506121727658">
                  <cell paramTableColId="MARKET_LBL">
                     <label>
                        <ePObjectLbl languageCod="fr">PROMOTEURS INSTITUTIONNELS</ePObjectLbl>
                     </label>
                  </cell>
               </occurrence>
            </parameter>
            <parameter>
               <businessKey>
                  <cell paramTableColId="COMPANY_COD" value="00230" />
                  <cell paramTableColId="MARKET_COD" value="008" />
               </businessKey>
               <occurrence occurStatus="Client" occurStartDate="1970-01-01" lastOccurUpdateDt="2019-01-14" lastOccurUpdateUsrId="admineditor" updateSource=" " occurValidationDate="1969-01-01" occurValidationUsrId="admineditor" timestamp="20201506121727658">
                  <cell paramTableColId="MARKET_LBL">
                     <label>
                        <ePObjectLbl languageCod="fr">MDM</ePObjectLbl>
                     </label>
                  </cell>
               </occurrence>
            </parameter>
            <parameter>
               <businessKey>
                  <cell paramTableColId="COMPANY_COD" value="00230" />
                  <cell paramTableColId="MARKET_COD" value="009" />
               </businessKey>
               <occurrence occurStatus="Client" occurStartDate="1970-01-01" lastOccurUpdateDt="2016-10-11" lastOccurUpdateUsrId="admineditor" updateSource=" " occurValidationDate="1969-01-01" occurValidationUsrId="admineditor" timestamp="20201506121727658">
                  <cell paramTableColId="MARKET_LBL">
                     <label>
                        <ePObjectLbl languageCod="fr">INTERVENANT PM</ePObjectLbl>
                     </label>
                  </cell>
               </occurrence>
            </parameter>
            <parameter>
               <businessKey>
                  <cell paramTableColId="COMPANY_COD" value="00230" />
                  <cell paramTableColId="MARKET_COD" value="010" />
               </businessKey>
               <occurrence occurStatus="Client" occurStartDate="1970-01-01" lastOccurUpdateDt="2019-12-12" lastOccurUpdateUsrId="admineditor" updateSource=" " occurValidationDate="1969-01-01" occurValidationUsrId="admineditor" timestamp="20201506121727658">
                  <cell paramTableColId="MARKET_LBL">
                     <label>
                        <ePObjectLbl languageCod="fr">TPE</ePObjectLbl>
                     </label>
                  </cell>
               </occurrence>
            </parameter>
            <parameter>
               <businessKey>
                  <cell paramTableColId="COMPANY_COD" value="00230" />
                  <cell paramTableColId="MARKET_COD" value="011" />
               </businessKey>
               <occurrence occurStatus="Client" occurStartDate="1970-01-01" lastOccurUpdateDt="2019-12-12" lastOccurUpdateUsrId="admineditor" updateSource=" " occurValidationDate="1969-01-01" occurValidationUsrId="admineditor" timestamp="20201506121727658">
                  <cell paramTableColId="MARKET_LBL">
                     <label>
                        <ePObjectLbl languageCod="fr">PROFESSIONS LIBERALES</ePObjectLbl>
                     </label>
                  </cell>
               </occurrence>
            </parameter>
            <parameter>
               <businessKey>
                  <cell paramTableColId="COMPANY_COD" value="00230" />
                  <cell paramTableColId="MARKET_COD" value="012" />
               </businessKey>
               <occurrence occurStatus="Client" occurStartDate="1970-01-01" lastOccurUpdateDt="2019-12-04" lastOccurUpdateUsrId="admineditor" updateSource=" " occurValidationDate="1969-01-01" occurValidationUsrId="admineditor" timestamp="20201506121727658">
                  <cell paramTableColId="MARKET_LBL">
                     <label>
                        <ePObjectLbl languageCod="fr">Association</ePObjectLbl>
                     </label>
                  </cell>
               </occurrence>
            </parameter>

         </content>
      </table>

 
   </EP>
</import>

