<?xml version="1.0" encoding="UTF-8"?>
<import date="2018-09-01" source="export">
   <EP>
           <table paramTableId="CATALOG_ELIGIBILITY_CATEGORY" paramDomainId="CATALOG" paramTableStatus="Publisher" clientOccAllowedParamTableInd="1" paramTableScope="Company" monoCurParamTableInd="0" unversionedParamTableInd="0" extParamTableInd="0" autoIncrParamTableInd="0" mode="global" exportId=" " lastParamTableExportDt="2018-09-01" timestamp="20201506121727658">
         <label>
            <ePObjectLbl languageCod="en">categorie pour elig</ePObjectLbl>
            <ePObjectLbl languageCod="fr">categorie pour elig</ePObjectLbl>
         </label>
         <content>
		 <parameter>
               <businessKey>
                  <cell paramTableColId="COMPANY_COD" value="00230" />
                  <cell paramTableColId="CATEGORY_COD" value="CRELD" />
               </businessKey>
               <occurrence occurStatus="Client" occurStartDate="1970-01-01" lastOccurUpdateDt="2020-05-19" lastOccurUpdateUsrId="admineditor" updateSource=" " occurValidationDate="1969-01-01" occurValidationUsrId="admineditor" timestamp="20201301093406073">
                  <cell paramTableColId="CATEGORY_LBL">
                     <label>
    					<ePObjectLbl languageCod="fr">Carte World Elite Devise</ePObjectLbl>
                     </label>
                  </cell>
               </occurrence>
            </parameter>
            <parameter>
               <businessKey>
                  <cell paramTableColId="COMPANY_COD" value="00230" />
                  <cell paramTableColId="CATEGORY_COD" value="CRELM" />
               </businessKey>
               <occurrence occurStatus="Client" occurStartDate="1970-01-01" lastOccurUpdateDt="2020-05-19" lastOccurUpdateUsrId="admineditor" updateSource=" " occurValidationDate="1969-01-01" occurValidationUsrId="admineditor" timestamp="20201301093406073">
                  <cell paramTableColId="CATEGORY_LBL">
                     <label>
  					<ePObjectLbl languageCod="fr">Carte World Elite Multiservice</ePObjectLbl>
                        
                     </label>
                  </cell>
               </occurrence>
            </parameter>
            <parameter>
               <businessKey>
                  <cell paramTableColId="COMPANY_COD" value="00230" />
                  <cell paramTableColId="CATEGORY_COD" value="CRELV" />
               </businessKey>
               <occurrence occurStatus="Client" occurStartDate="1970-01-01" lastOccurUpdateDt="2020-05-19" lastOccurUpdateUsrId="admineditor" updateSource=" " occurValidationDate="1969-01-01" occurValidationUsrId="admineditor" timestamp="20201301093406073">
                  <cell paramTableColId="CATEGORY_LBL">
                     <label>
  					<ePObjectLbl languageCod="fr">Carte World Elite DH Convertible</ePObjectLbl>
                        
                     </label>
                  </cell>
               </occurrence>
            </parameter>
			</content>
         
      </table>
      
      
  
    
   </EP>
</import>

