<?xml version="1.0" encoding="UTF-8"?>
<import date="2018-09-01" source="export">
   <EP>
   <table paramTableId="CATALOG_CHANNEL" paramDomainId="CATALOG" paramTableStatus="Publisher" clientOccAllowedParamTableInd="1" paramTableScope="Company" monoCurParamTableInd="0" unversionedParamTableInd="0" extParamTableInd="0" autoIncrParamTableInd="0" mode="global" exportId=" " lastParamTableExportDt="2018-09-01" timestamp="20201506121727658">
         <label>
            <ePObjectLbl languageCod="fr">canaux</ePObjectLbl>
            <ePObjectLbl languageCod="en">channels</ePObjectLbl>
         </label>
         
         <content>
            <parameter>
               <businessKey>
                  <cell paramTableColId="COMPANY_COD" value="00230" />
                  <cell paramTableColId="COMMUNICATIONCHANNELCOD" value="01" />
               </businessKey>
               <occurrence occurStatus="Client" occurStartDate="1970-01-01" lastOccurUpdateDt="2018-08-17" lastOccurUpdateUsrId="admin" updateSource=" " occurValidationDate="1970-01-01" occurValidationUsrId="admin" timestamp="20201506121727658" />
            </parameter>
            <parameter>
               <businessKey>
                  <cell paramTableColId="COMPANY_COD" value="00230" />
                  <cell paramTableColId="COMMUNICATIONCHANNELCOD" value="02" />
               </businessKey>
               <occurrence occurStatus="Client" occurStartDate="1970-01-01" lastOccurUpdateDt="2018-08-17" lastOccurUpdateUsrId="admin" updateSource=" " occurValidationDate="1970-01-01" occurValidationUsrId="admin" timestamp="20201506121727658" />
            </parameter>
            <parameter>
               <businessKey>
                  <cell paramTableColId="COMPANY_COD" value="00230" />
                  <cell paramTableColId="COMMUNICATIONCHANNELCOD" value="03" />
               </businessKey>
               <occurrence occurStatus="Client" occurStartDate="1970-01-01" lastOccurUpdateDt="2018-08-17" lastOccurUpdateUsrId="admin" updateSource=" " occurValidationDate="1970-01-01" occurValidationUsrId="admin" timestamp="20201506121727658" />
            </parameter>
           </content>
      </table>

 
   </EP>
</import>

