<?xml version="1.0" encoding="UTF-8"?>
<import date="2018-09-01" source="export">
   <EP>
        <table paramTableId="CATALOG_CURRENCY" paramDomainId="CATALOG" paramTableStatus="Publisher" clientOccAllowedParamTableInd="1" paramTableScope="Company" monoCurParamTableInd="0" unversionedParamTableInd="0" extParamTableInd="0" autoIncrParamTableInd="0" mode="global" exportId=" " lastParamTableExportDt="2018-09-01" timestamp="20201506121727658">
         <label>
            <ePObjectLbl languageCod="en">Currency table</ePObjectLbl>
            <ePObjectLbl languageCod="fr">Table des Devises</ePObjectLbl>
         </label>
         
         
         <content>
            <parameter>
               <businessKey>
                  <cell paramTableColId="COMPANY_COD" value="00230" />
                  <cell paramTableColId="CURRENCY_COD" value="MAD" />
               </businessKey>
               <occurrence occurStatus="Client" occurStartDate="1970-01-01" occurEndDate="2035-09-29" lastOccurUpdateDt="2020-04-01" lastOccurUpdateUsrId="admin" updateSource=" " occurValidationDate="2018-09-01" occurValidationUsrId="admin" timestamp="20201506121727658" />
            </parameter>
         </content>
      </table>
		
   
   </EP>
</import>

