<?xml version="1.0" encoding="UTF-8"?>
<import date="2018-09-01" source="export">
   <EP>
        <table paramTableId="CATALOG_PRODUCT_NATURE_TYPE" paramDomainId="CATALOG" paramTableStatus="Publisher" clientOccAllowedParamTableInd="1" paramTableScope="Company" monoCurParamTableInd="0" unversionedParamTableInd="0" extParamTableInd="0" autoIncrParamTableInd="0" mode="global" exportId=" " lastParamTableExportDt="2018-09-01" timestamp="20201506121727658">
         <label>
            <ePObjectLbl languageCod="fr">type de nature de produit</ePObjectLbl>
            <ePObjectLbl languageCod="en">product nature type</ePObjectLbl>
         </label>
         
         <content>
            <parameter>
               <businessKey>
                  <cell paramTableColId="COMPANY_COD" value="00230" />
                  <cell paramTableColId="PRODUCT_NATURE_TYPE_COD" value="ASIST" />
               </businessKey>
               <occurrence occurStatus="Client" occurStartDate="1970-01-01" lastOccurUpdateDt="2013-05-29" lastOccurUpdateUsrId="ADMINITG" updateSource=" " occurValidationDate="1970-01-01" timestamp="20201506121727658">
                  <cell paramTableColId="PRODUCT_NATURE_TYPE_LBL">
                     <label>
                        <ePObjectLbl languageCod="fr">Assistance</ePObjectLbl>
                     </label>
                  </cell>
               </occurrence>
            </parameter>
            <parameter>
               <businessKey>
                  <cell paramTableColId="COMPANY_COD" value="00230" />
                  <cell paramTableColId="PRODUCT_NATURE_TYPE_COD" value="ASSUR" />
               </businessKey>
               <occurrence occurStatus="Client" occurStartDate="1970-01-01" lastOccurUpdateDt="2013-05-29" lastOccurUpdateUsrId="ADMINITG" updateSource=" " occurValidationDate="1970-01-01" timestamp="20201506121727658">
                  <cell paramTableColId="PRODUCT_NATURE_TYPE_LBL">
                     <label>
                        <ePObjectLbl languageCod="fr">Assurance</ePObjectLbl>
                     </label>
                  </cell>
               </occurrence>
            </parameter>
            <parameter>
               <businessKey>
                  <cell paramTableColId="COMPANY_COD" value="00230" />
                  <cell paramTableColId="PRODUCT_NATURE_TYPE_COD" value="BACAS" />
               </businessKey>
               <occurrence occurStatus="Client" occurStartDate="1970-01-01" lastOccurUpdateDt="2014-08-11" lastOccurUpdateUsrId="adminitg" updateSource=" " occurValidationDate="1969-01-01" occurValidationUsrId="adminitg" timestamp="20201506121727658">
                  <cell paramTableColId="PRODUCT_NATURE_TYPE_LBL">
                     <label>
                        <ePObjectLbl languageCod="fr">Banque Assurance</ePObjectLbl>
                     </label>
                  </cell>
               </occurrence>
            </parameter>
            <parameter>
               <businessKey>
                  <cell paramTableColId="COMPANY_COD" value="00230" />
                  <cell paramTableColId="PRODUCT_NATURE_TYPE_COD" value="BQADI" />
               </businessKey>
               <occurrence occurStatus="Client" occurStartDate="1970-01-01" lastOccurUpdateDt="2013-05-29" lastOccurUpdateUsrId="ADMINITG" updateSource=" " occurValidationDate="1970-01-01" timestamp="20201506121727658">
                  <cell paramTableColId="PRODUCT_NATURE_TYPE_LBL">
                     <label>
                        <ePObjectLbl languageCod="fr">Banque à distance</ePObjectLbl>
                     </label>
                  </cell>
               </occurrence>
            </parameter>
            <parameter>
               <businessKey>
                  <cell paramTableColId="COMPANY_COD" value="00230" />
                  <cell paramTableColId="PRODUCT_NATURE_TYPE_COD" value="BRSEL" />
               </businessKey>
               <occurrence occurStatus="Client" occurStartDate="1970-01-01" lastOccurUpdateDt="2017-03-30" lastOccurUpdateUsrId="admineditor" updateSource=" " occurValidationDate="1969-01-01" occurValidationUsrId="admineditor" timestamp="20201506121727658">
                  <cell paramTableColId="PRODUCT_NATURE_TYPE_LBL">
                     <label>
                        <ePObjectLbl languageCod="fr">Bourse en ligne</ePObjectLbl>
                     </label>
                  </cell>
               </occurrence>
            </parameter>
            <parameter>
               <businessKey>
                  <cell paramTableColId="COMPANY_COD" value="00230" />
                  <cell paramTableColId="PRODUCT_NATURE_TYPE_COD" value="COFFR" />
               </businessKey>
               <occurrence occurStatus="Client" occurStartDate="1970-01-01" lastOccurUpdateDt="2017-03-30" lastOccurUpdateUsrId="admineditor" updateSource=" " occurValidationDate="1969-01-01" occurValidationUsrId="admineditor" timestamp="20201506121727658">
                  <cell paramTableColId="PRODUCT_NATURE_TYPE_LBL">
                     <label>
                        <ePObjectLbl languageCod="fr">Coffre fort</ePObjectLbl>
                     </label>
                  </cell>
               </occurrence>
            </parameter>
            <parameter>
               <businessKey>
                  <cell paramTableColId="COMPANY_COD" value="00230" />
                  <cell paramTableColId="PRODUCT_NATURE_TYPE_COD" value="COMPT" />
               </businessKey>
               <occurrence occurStatus="Client" occurStartDate="1970-01-01" lastOccurUpdateDt="2013-05-29" lastOccurUpdateUsrId="ADMINITG" updateSource=" " occurValidationDate="1970-01-01" timestamp="20201506121727658">
                  <cell paramTableColId="PRODUCT_NATURE_TYPE_LBL">
                     <label>
                        <ePObjectLbl languageCod="fr">Compte</ePObjectLbl>
                     </label>
                  </cell>
               </occurrence>
            </parameter>
            <parameter>
               <businessKey>
                  <cell paramTableColId="COMPANY_COD" value="00230" />
                  <cell paramTableColId="PRODUCT_NATURE_TYPE_COD" value="CREDI" />
               </businessKey>
               <occurrence occurStatus="Client" occurStartDate="1970-01-01" lastOccurUpdateDt="2013-05-29" lastOccurUpdateUsrId="ADMINITG" updateSource=" " occurValidationDate="1970-01-01" timestamp="20201506121727658">
                  <cell paramTableColId="PRODUCT_NATURE_TYPE_LBL">
                     <label>
                        <ePObjectLbl languageCod="fr">Crédit</ePObjectLbl>
                     </label>
                  </cell>
               </occurrence>
            </parameter>
            <parameter>
               <businessKey>
                  <cell paramTableColId="COMPANY_COD" value="00230" />
                  <cell paramTableColId="PRODUCT_NATURE_TYPE_COD" value="DAT" />
               </businessKey>
               <occurrence occurStatus="Client" occurStartDate="1970-01-01" lastOccurUpdateDt="2017-01-11" lastOccurUpdateUsrId="admineditor" updateSource=" " occurValidationDate="1969-01-01" occurValidationUsrId="admineditor" timestamp="20201506121727658">
                  <cell paramTableColId="PRODUCT_NATURE_TYPE_LBL">
                     <label>
                        <ePObjectLbl languageCod="fr">DÃ©pÃ´ts Ã  terme</ePObjectLbl>
                     </label>
                  </cell>
               </occurrence>
            </parameter>
            <parameter>
               <businessKey>
                  <cell paramTableColId="COMPANY_COD" value="00230" />
                  <cell paramTableColId="PRODUCT_NATURE_TYPE_COD" value="DOTAT" />
               </businessKey>
               <occurrence occurStatus="Client" occurStartDate="1970-01-01" lastOccurUpdateDt="2015-04-08" lastOccurUpdateUsrId="adminitg" updateSource=" " occurValidationDate="1969-01-01" occurValidationUsrId="adminitg" timestamp="20201506121727658">
                  <cell paramTableColId="PRODUCT_NATURE_TYPE_LBL">
                     <label>
                        <ePObjectLbl languageCod="fr">Dotation</ePObjectLbl>
                     </label>
                  </cell>
               </occurrence>
            </parameter>
            <parameter>
               <businessKey>
                  <cell paramTableColId="COMPANY_COD" value="00230" />
                  <cell paramTableColId="PRODUCT_NATURE_TYPE_COD" value="ENGAG" />
               </businessKey>
               <occurrence occurStatus="Client" occurStartDate="1970-01-01" lastOccurUpdateDt="2013-05-29" lastOccurUpdateUsrId="ADMINITG" updateSource=" " occurValidationDate="1970-01-01" timestamp="20201506121727658">
                  <cell paramTableColId="PRODUCT_NATURE_TYPE_LBL">
                     <label>
                        <ePObjectLbl languageCod="fr">Engagement</ePObjectLbl>
                     </label>
                  </cell>
               </occurrence>
            </parameter>
            <parameter>
               <businessKey>
                  <cell paramTableColId="COMPANY_COD" value="00230" />
                  <cell paramTableColId="PRODUCT_NATURE_TYPE_COD" value="EPARG" />
               </businessKey>
               <occurrence occurStatus="Client" occurStartDate="1970-01-01" lastOccurUpdateDt="2013-05-29" lastOccurUpdateUsrId="ADMINITG" updateSource=" " occurValidationDate="1970-01-01" timestamp="20201506121727658">
                  <cell paramTableColId="PRODUCT_NATURE_TYPE_LBL">
                     <label>
                        <ePObjectLbl languageCod="fr">Epargne</ePObjectLbl>
                     </label>
                  </cell>
               </occurrence>
            </parameter>
            <parameter>
               <businessKey>
                  <cell paramTableColId="COMPANY_COD" value="00230" />
                  <cell paramTableColId="PRODUCT_NATURE_TYPE_COD" value="MONET" />
               </businessKey>
               <occurrence occurStatus="Client" occurStartDate="1970-01-01" lastOccurUpdateDt="2013-05-29" lastOccurUpdateUsrId="ADMINITG" updateSource=" " occurValidationDate="1970-01-01" timestamp="20201506121727658">
                  <cell paramTableColId="PRODUCT_NATURE_TYPE_LBL">
                     <label>
                        <ePObjectLbl languageCod="fr">Monétique</ePObjectLbl>
                     </label>
                  </cell>
               </occurrence>
            </parameter>
            <parameter>
               <businessKey>
                  <cell paramTableColId="COMPANY_COD" value="00230" />
                  <cell paramTableColId="PRODUCT_NATURE_TYPE_COD" value="MPAIE" />
               </businessKey>
               <occurrence occurStatus="Client" occurStartDate="1970-01-01" lastOccurUpdateDt="2018-09-26" lastOccurUpdateUsrId="admineditor" updateSource=" " occurValidationDate="1969-01-01" occurValidationUsrId="admineditor" timestamp="20201506121727658">
                  <cell paramTableColId="PRODUCT_NATURE_TYPE_LBL">
                     <label>
                        <ePObjectLbl languageCod="fr">Moyens de paiement</ePObjectLbl>
                     </label>
                  </cell>
               </occurrence>
            </parameter>
            <parameter>
               <businessKey>
                  <cell paramTableColId="COMPANY_COD" value="00230" />
                  <cell paramTableColId="PRODUCT_NATURE_TYPE_COD" value="PLACE" />
               </businessKey>
               <occurrence occurStatus="Client" occurStartDate="1970-01-01" lastOccurUpdateDt="2013-05-29" lastOccurUpdateUsrId="ADMINITG" updateSource=" " occurValidationDate="1970-01-01" timestamp="20201506121727658">
                  <cell paramTableColId="PRODUCT_NATURE_TYPE_LBL">
                     <label>
                        <ePObjectLbl languageCod="fr">Placement</ePObjectLbl>
                     </label>
                  </cell>
               </occurrence>
            </parameter>
            <parameter>
               <businessKey>
                  <cell paramTableColId="COMPANY_COD" value="00230" />
                  <cell paramTableColId="PRODUCT_NATURE_TYPE_COD" value="SRCAR" />
               </businessKey>
               <occurrence occurStatus="Client" occurStartDate="1970-01-01" lastOccurUpdateDt="2017-11-21" lastOccurUpdateUsrId="admineditor" updateSource=" " occurValidationDate="1969-01-01" occurValidationUsrId="admineditor" timestamp="20201506121727658">
                  <cell paramTableColId="PRODUCT_NATURE_TYPE_LBL">
                     <label>
                        <ePObjectLbl languageCod="fr">Services RCAR</ePObjectLbl>
                     </label>
                  </cell>
               </occurrence>
            </parameter>
            <parameter>
               <businessKey>
                  <cell paramTableColId="COMPANY_COD" value="00230" />
                  <cell paramTableColId="PRODUCT_NATURE_TYPE_COD" value="TRESO" />
               </businessKey>
               <occurrence occurStatus="Client" occurStartDate="1970-01-01" lastOccurUpdateDt="2017-01-11" lastOccurUpdateUsrId="admineditor" updateSource=" " occurValidationDate="1969-01-01" occurValidationUsrId="admineditor" timestamp="20201506121727658">
                  <cell paramTableColId="PRODUCT_NATURE_TYPE_LBL">
                     <label>
                        <ePObjectLbl languageCod="fr">Tresorerie</ePObjectLbl>
                     </label>
                  </cell>
               </occurrence>
            </parameter>
         </content>
      </table>
		
   
   </EP>
</import>

