<?xml version="1.0" encoding="UTF-8"?>
<import date="2018-09-01" source="export">
   <EP>
            <table paramTableId="CATALOG_FAMILY_OFFER" paramDomainId="CATALOG" paramTableStatus="Publisher" clientOccAllowedParamTableInd="1" paramTableScope="Company" monoCurParamTableInd="0" unversionedParamTableInd="0" extParamTableInd="0" autoIncrParamTableInd="0" mode="global" exportId=" " lastParamTableExportDt="2018-09-01" timestamp="20201506121727658">
         <label>
            <ePObjectLbl languageCod="fr">famille</ePObjectLbl>
            <ePObjectLbl languageCod="en">family</ePObjectLbl>
         </label>
         
         <content>
            <parameter>
               <businessKey>
                  <cell paramTableColId="COMPANY_COD" value="00230" />
                  <cell paramTableColId="FAMILY_OFFER_COD" value="F47" />
               </businessKey>
               <occurrence occurStatus="Client" occurStartDate="1970-01-01" lastOccurUpdateDt="2020-05-19" lastOccurUpdateUsrId="admineditor" updateSource=" " occurValidationDate="1969-01-01" occurValidationUsrId="admineditor" timestamp="20201301093406073">
                  <cell paramTableColId="FAMILY_LBL">
                     <label>
                        <ePObjectLbl languageCod="fr">ORDRE AUTORISATION PRELEVEMENT</ePObjectLbl>
                     </label>
                  </cell>
                  <cell paramTableColId="FAMILY_LG_LBL" />
                  <cell paramTableColId="FAMILY_USE_COD" value="VENTE" />
                  <cell paramTableColId="FAMILY_GROUP" value="0" />
                  
               </occurrence>
            </parameter>

         </content>
      </table>
 
   </EP>
</import>

