<?xml version="1.0" encoding="UTF-8"?>
<import date="2018-09-01" source="export">
   <EP>
         <table paramTableId="CATALOG_PRODUCT_NATURE" paramDomainId="CATALOG" paramTableStatus="Publisher" clientOccAllowedParamTableInd="1" paramTableScope="Company" monoCurParamTableInd="0" unversionedParamTableInd="0" extParamTableInd="0" autoIncrParamTableInd="0" mode="global" exportId=" " lastParamTableExportDt="2018-09-01" timestamp="20201506121727658">
         <label>
            <ePObjectLbl languageCod="fr">nature de produit</ePObjectLbl>
            <ePObjectLbl languageCod="en">product nature</ePObjectLbl>
         </label>
         
         <content>
            <parameter>
               <businessKey>
                  <cell paramTableColId="COMPANY_COD" value="00230" />
                  <cell paramTableColId="PRODUCT_NATURE_COD" value="BANCS" />
               </businessKey>
               <occurrence occurStatus="Client" occurStartDate="1970-01-01" lastOccurUpdateDt="2014-08-11" lastOccurUpdateUsrId="adminitg" updateSource=" " occurValidationDate="1969-01-01" occurValidationUsrId="adminitg" timestamp="20201506121727658">
                  <cell paramTableColId="PRODUCT_NATURE_LBL">
                     <label>
                        <ePObjectLbl languageCod="fr">Bancassurance</ePObjectLbl>
                     </label>
                  </cell>
                  <cell paramTableColId="PRODUCT_NATURE_TYPE_COD" value="BACAS" />
               </occurrence>
            </parameter>
            <parameter>
               <businessKey>
                  <cell paramTableColId="COMPANY_COD" value="00230" />
                  <cell paramTableColId="PRODUCT_NATURE_COD" value="BRSEL" />
               </businessKey>
               <occurrence occurStatus="Client" occurStartDate="1970-01-01" lastOccurUpdateDt="2017-03-30" lastOccurUpdateUsrId="admineditor" updateSource=" " occurValidationDate="1969-01-01" occurValidationUsrId="admineditor" timestamp="20201506121727658">
                  <cell paramTableColId="PRODUCT_NATURE_LBL">
                     <label>
                        <ePObjectLbl languageCod="fr">Bourse en ligne</ePObjectLbl>
                     </label>
                  </cell>
                  <cell paramTableColId="PRODUCT_NATURE_TYPE_COD" value="BRSEL" />
               </occurrence>
            </parameter>
            <parameter>
               <businessKey>
                  <cell paramTableColId="COMPANY_COD" value="00230" />
                  <cell paramTableColId="PRODUCT_NATURE_COD" value="CASHP" />
               </businessKey>
               <occurrence occurStatus="Client" occurStartDate="1970-01-01" lastOccurUpdateDt="2017-01-11" lastOccurUpdateUsrId="admineditor" updateSource=" " occurValidationDate="1969-01-01" occurValidationUsrId="admineditor" timestamp="20201506121727658">
                  <cell paramTableColId="PRODUCT_NATURE_LBL">
                     <label>
                        <ePObjectLbl languageCod="fr">Cash Pooling</ePObjectLbl>
                     </label>
                  </cell>
                  <cell paramTableColId="PRODUCT_NATURE_TYPE_COD" value="TRESO" />
               </occurrence>
            </parameter>
            <parameter>
               <businessKey>
                  <cell paramTableColId="COMPANY_COD" value="00230" />
                  <cell paramTableColId="PRODUCT_NATURE_COD" value="CIHOP" />
               </businessKey>
               <occurrence occurStatus="Client" occurStartDate="1970-01-01" lastOccurUpdateDt="2014-05-29" lastOccurUpdateUsrId="adminitg" updateSource=" " occurValidationDate="1969-01-01" occurValidationUsrId="adminitg" timestamp="20201506121727658">
                  <cell paramTableColId="PRODUCT_NATURE_LBL">
                     <label>
                        <ePObjectLbl languageCod="fr">CIHONLINE Particuliers</ePObjectLbl>
                     </label>
                  </cell>
                  <cell paramTableColId="PRODUCT_NATURE_TYPE_COD" value="BQADI" />
               </occurrence>
            </parameter>
            <parameter>
               <businessKey>
                  <cell paramTableColId="COMPANY_COD" value="00230" />
                  <cell paramTableColId="PRODUCT_NATURE_COD" value="COFFR" />
               </businessKey>
               <occurrence occurStatus="Client" occurStartDate="1970-01-01" lastOccurUpdateDt="2017-03-30" lastOccurUpdateUsrId="admineditor" updateSource=" " occurValidationDate="1969-01-01" occurValidationUsrId="admineditor" timestamp="20201506121727658">
                  <cell paramTableColId="PRODUCT_NATURE_LBL">
                     <label>
                        <ePObjectLbl languageCod="fr">Coffre fort</ePObjectLbl>
                     </label>
                  </cell>
                  <cell paramTableColId="PRODUCT_NATURE_TYPE_COD" value="COFFR" />
               </occurrence>
            </parameter>
            <parameter>
               <businessKey>
                  <cell paramTableColId="COMPANY_COD" value="00230" />
                  <cell paramTableColId="PRODUCT_NATURE_COD" value="DAT" />
               </businessKey>
               <occurrence occurStatus="Client" occurStartDate="1970-01-01" lastOccurUpdateDt="2017-01-11" lastOccurUpdateUsrId="admineditor" updateSource=" " occurValidationDate="1969-01-01" occurValidationUsrId="admineditor" timestamp="20201506121727658">
                  <cell paramTableColId="PRODUCT_NATURE_LBL">
                     <label>
                        <ePObjectLbl languageCod="fr">DÃ©pÃ´ts Ã  terme</ePObjectLbl>
                     </label>
                  </cell>
                  <cell paramTableColId="PRODUCT_NATURE_TYPE_COD" value="DAT" />
               </occurrence>
            </parameter>
            <parameter>
               <businessKey>
                  <cell paramTableColId="COMPANY_COD" value="00230" />
                  <cell paramTableColId="PRODUCT_NATURE_COD" value="DOTAT" />
               </businessKey>
               <occurrence occurStatus="Client" occurStartDate="1970-01-01" lastOccurUpdateDt="2015-04-08" lastOccurUpdateUsrId="adminitg" updateSource=" " occurValidationDate="1969-01-01" occurValidationUsrId="adminitg" timestamp="20201506121727658">
                  <cell paramTableColId="PRODUCT_NATURE_LBL">
                     <label>
                        <ePObjectLbl languageCod="fr">Dotation</ePObjectLbl>
                     </label>
                  </cell>
                  <cell paramTableColId="PRODUCT_NATURE_TYPE_COD" value="DOTAT" />
               </occurrence>
            </parameter>
            <parameter>
               <businessKey>
                  <cell paramTableColId="COMPANY_COD" value="00230" />
                  <cell paramTableColId="PRODUCT_NATURE_COD" value="EPGBA" />
               </businessKey>
               <occurrence occurStatus="Client" occurStartDate="1970-01-01" lastOccurUpdateDt="2014-08-11" lastOccurUpdateUsrId="adminitg" updateSource=" " occurValidationDate="1969-01-01" occurValidationUsrId="adminitg" timestamp="20201506121727658">
                  <cell paramTableColId="PRODUCT_NATURE_LBL">
                     <label>
                        <ePObjectLbl languageCod="fr">Banque Assurance</ePObjectLbl>
                     </label>
                  </cell>
                  <cell paramTableColId="PRODUCT_NATURE_TYPE_COD" value="BACAS" />
               </occurrence>
            </parameter>
            <parameter>
               <businessKey>
                  <cell paramTableColId="COMPANY_COD" value="00230" />
                  <cell paramTableColId="PRODUCT_NATURE_COD" value="ETEBC" />
               </businessKey>
               <occurrence occurStatus="Client" occurStartDate="1970-01-01" lastOccurUpdateDt="2017-03-30" lastOccurUpdateUsrId="admineditor" updateSource=" " occurValidationDate="1969-01-01" occurValidationUsrId="admineditor" timestamp="20201506121727658">
                  <cell paramTableColId="PRODUCT_NATURE_LBL">
                     <label>
                        <ePObjectLbl languageCod="fr">ETEBAC</ePObjectLbl>
                     </label>
                  </cell>
                  <cell paramTableColId="PRODUCT_NATURE_TYPE_COD" value="TRESO" />
               </occurrence>
            </parameter>
            <parameter>
               <businessKey>
                  <cell paramTableColId="COMPANY_COD" value="00230" />
                  <cell paramTableColId="PRODUCT_NATURE_COD" value="OVP" />
               </businessKey>
               <occurrence occurStatus="Client" occurStartDate="1970-01-01" lastOccurUpdateDt="2018-09-26" lastOccurUpdateUsrId="admineditor" updateSource=" " occurValidationDate="1969-01-01" occurValidationUsrId="admineditor" timestamp="20201506121727658">
                  <cell paramTableColId="PRODUCT_NATURE_LBL">
                     <label>
                        <ePObjectLbl languageCod="fr">OVP</ePObjectLbl>
                     </label>
                  </cell>
                  <cell paramTableColId="PRODUCT_NATURE_TYPE_COD" value="MPAIE" />
               </occurrence>
            </parameter>
            <parameter>
               <businessKey>
                  <cell paramTableColId="COMPANY_COD" value="00230" />
                  <cell paramTableColId="PRODUCT_NATURE_COD" value="RESIR" />
               </businessKey>
               <occurrence occurStatus="Client" occurStartDate="1970-01-01" lastOccurUpdateDt="2017-03-30" lastOccurUpdateUsrId="admineditor" updateSource=" " occurValidationDate="1969-01-01" occurValidationUsrId="admineditor" timestamp="20201506121727658">
                  <cell paramTableColId="PRODUCT_NATURE_LBL">
                     <label>
                        <ePObjectLbl languageCod="fr">Demande de restitution IR</ePObjectLbl>
                     </label>
                  </cell>
                  <cell paramTableColId="PRODUCT_NATURE_TYPE_COD" value="CREDI" />
               </occurrence>
            </parameter>
            <parameter>
               <businessKey>
                  <cell paramTableColId="COMPANY_COD" value="00230" />
                  <cell paramTableColId="PRODUCT_NATURE_COD" value="SMSBK" />
               </businessKey>
               <occurrence occurStatus="Client" occurStartDate="1970-01-01" lastOccurUpdateDt="2014-06-04" lastOccurUpdateUsrId="adminitg" updateSource=" " occurValidationDate="1969-01-01" occurValidationUsrId="adminitg" timestamp="20201506121727658">
                  <cell paramTableColId="PRODUCT_NATURE_LBL">
                     <label>
                        <ePObjectLbl languageCod="fr">MOBI  HSABI</ePObjectLbl>
                     </label>
                  </cell>
                  <cell paramTableColId="PRODUCT_NATURE_TYPE_COD" value="BQADI" />
               </occurrence>
            </parameter>
            <parameter>
               <businessKey>
                  <cell paramTableColId="COMPANY_COD" value="00230" />
                  <cell paramTableColId="PRODUCT_NATURE_COD" value="SRCAR" />
               </businessKey>
               <occurrence occurStatus="Client" occurStartDate="1970-01-01" lastOccurUpdateDt="2017-11-21" lastOccurUpdateUsrId="admineditor" updateSource=" " occurValidationDate="1969-01-01" occurValidationUsrId="admineditor" timestamp="20201506121727658">
                  <cell paramTableColId="PRODUCT_NATURE_LBL">
                     <label>
                        <ePObjectLbl languageCod="fr">Services RCAR</ePObjectLbl>
                     </label>
                  </cell>
                  <cell paramTableColId="PRODUCT_NATURE_TYPE_COD" value="SRCAR" />
               </occurrence>
            </parameter>
         </content>
      </table>
		
   
   </EP>
</import>

