<?xml version="1.0" encoding="UTF-8"?>
<import date="2018-09-01" source="export">
   <EP>
       <table paramTableId="CATALOG_ADDIT_NATURE" paramDomainId="CATALOG" paramTableStatus="Publisher" clientOccAllowedParamTableInd="1" paramTableScope="Company" monoCurParamTableInd="0" unversionedParamTableInd="0" extParamTableInd="0" autoIncrParamTableInd="0" mode="global" exportId=" " lastParamTableExportDt="2018-09-01" timestamp="20201506121727658">
         <label>
            <ePObjectLbl languageCod="en">addit nature</ePObjectLbl>
            <ePObjectLbl languageCod="fr">nature de données complémentaires</ePObjectLbl>
         </label>
         
         <content>
            <parameter>
               <businessKey>
                  <cell paramTableColId="COMPANY_COD" value="00230" />
                  <cell paramTableColId="ADDIT_NATURE_COD" value="OFFRE" />
               </businessKey>
               <occurrence occurStatus="Client" occurStartDate="1970-01-01" lastOccurUpdateDt="2020-04-08" lastOccurUpdateUsrId="admin" updateSource=" " occurValidationDate="2018-09-01" occurValidationUsrId="admin" timestamp="20201506121727658">
                  <cell paramTableColId="ADDIT_NATURE_LBL">
                     <label>
                        <ePObjectLbl languageCod="fr">Données complémentaires sur offre</ePObjectLbl>
                     </label>
                  </cell>
                  <cell paramTableColId="ADDIT_NATURE_TYPE_COD" />
               </occurrence>
            </parameter>
         </content>
      </table>
  
 
   </EP>
</import>

