<?xml version="1.0" encoding="UTF-8"?>
<import date="2018-09-01" source="export">
   <EP>
           <table paramTableId="CATALOG_FAMILY_COM" paramDomainId="CATALOG" paramTableStatus="Publisher" clientOccAllowedParamTableInd="1" paramTableScope="Company" monoCurParamTableInd="0" unversionedParamTableInd="0" extParamTableInd="0" autoIncrParamTableInd="0" mode="global" exportId=" " lastParamTableExportDt="2020-09-24" timestamp="20203009141031893">
         <label>
            <ePObjectLbl languageCod="en">family</ePObjectLbl>
            <ePObjectLbl languageCod="fr">famille</ePObjectLbl>
         </label>
                  <content>
            <parameter>
               <businessKey>
                  <cell paramTableColId="COMPANY_COD" value="00230" />
                  <cell paramTableColId="FAMILY_COM_COD" value="F1" />
               </businessKey>
               <occurrence occurStatus="Client" occurStartDate="1970-01-01" lastOccurUpdateDt="2013-05-29" lastOccurUpdateUsrId="ADMINITG" updateSource=" " occurValidationDate="1970-01-01" timestamp="20201506121727658">
                  <cell paramTableColId="FAMILY_LBL">
                     <label>
                        <ePObjectLbl languageCod="fr">Compte Chèque</ePObjectLbl>
                     </label>
                  </cell>
                  <cell paramTableColId="FAMILY_LG_LBL" />
                  <cell paramTableColId="FAMILY_USE_COD" value="VENTE" />
                  <cell paramTableColId="FAMILY_GROUP" value="0" />
                  <cell paramTableColId="FAMILY_COM_ORDER" />
                  <cell paramTableColId="FAMILY_COM_TAG" />
               </occurrence>
            </parameter>
            <parameter>
               <businessKey>
                  <cell paramTableColId="COMPANY_COD" value="00230" />
                  <cell paramTableColId="FAMILY_COM_COD" value="F10" />
               </businessKey>
               <occurrence occurStatus="Client" occurStartDate="1970-01-01" lastOccurUpdateDt="2013-05-29" lastOccurUpdateUsrId="ADMINITG" updateSource=" " occurValidationDate="1970-01-01" timestamp="20201506121727658">
                  <cell paramTableColId="FAMILY_LBL">
                     <label>
                        <ePObjectLbl languageCod="fr">Plan d'Epargne</ePObjectLbl>
                     </label>
                  </cell>
                  <cell paramTableColId="FAMILY_LG_LBL" />
                  <cell paramTableColId="FAMILY_USE_COD" value="VENTE" />
                  <cell paramTableColId="FAMILY_GROUP" value="0" />
                  <cell paramTableColId="FAMILY_COM_ORDER" />
                  <cell paramTableColId="FAMILY_COM_TAG" />
               </occurrence>
            </parameter>
            <parameter>
               <businessKey>
                  <cell paramTableColId="COMPANY_COD" value="00230" />
                  <cell paramTableColId="FAMILY_COM_COD" value="F11" />
               </businessKey>
               <occurrence occurStatus="Client" occurStartDate="1970-01-01" lastOccurUpdateDt="2013-05-29" lastOccurUpdateUsrId="ADMINITG" updateSource=" " occurValidationDate="1970-01-01" timestamp="20201506121727658">
                  <cell paramTableColId="FAMILY_LBL">
                     <label>
                        <ePObjectLbl languageCod="fr">Epargne à vue</ePObjectLbl>
                     </label>
                  </cell>
                  <cell paramTableColId="FAMILY_LG_LBL" />
                  <cell paramTableColId="FAMILY_USE_COD" value="VENTE" />
                  <cell paramTableColId="FAMILY_GROUP" value="0" />
                  <cell paramTableColId="FAMILY_COM_ORDER" />
                  <cell paramTableColId="FAMILY_COM_TAG" />
               </occurrence>
            </parameter>
            <parameter>
               <businessKey>
                  <cell paramTableColId="COMPANY_COD" value="00230" />
                  <cell paramTableColId="FAMILY_COM_COD" value="F12" />
               </businessKey>
               <occurrence occurStatus="Client" occurStartDate="1970-01-01" lastOccurUpdateDt="2013-05-29" lastOccurUpdateUsrId="ADMINITG" updateSource=" " occurValidationDate="1970-01-01" timestamp="20201506121727658">
                  <cell paramTableColId="FAMILY_LBL">
                     <label>
                        <ePObjectLbl languageCod="fr">Comptes Réglementés</ePObjectLbl>
                     </label>
                  </cell>
                  <cell paramTableColId="FAMILY_LG_LBL" />
                  <cell paramTableColId="FAMILY_USE_COD" value="VENTE" />
                  <cell paramTableColId="FAMILY_GROUP" value="0" />
                  <cell paramTableColId="FAMILY_COM_ORDER" />
                  <cell paramTableColId="FAMILY_COM_TAG" />
               </occurrence>
            </parameter>
            <parameter>
               <businessKey>
                  <cell paramTableColId="COMPANY_COD" value="00230" />
                  <cell paramTableColId="FAMILY_COM_COD" value="F13" />
               </businessKey>
               <occurrence occurStatus="Client" occurStartDate="1970-01-01" lastOccurUpdateDt="2013-05-29" lastOccurUpdateUsrId="ADMINITG" updateSource=" " occurValidationDate="1970-01-01" timestamp="20201506121727658">
                  <cell paramTableColId="FAMILY_LBL">
                     <label>
                        <ePObjectLbl languageCod="fr">Comptes Correspondants</ePObjectLbl>
                     </label>
                  </cell>
                  <cell paramTableColId="FAMILY_LG_LBL" />
                  <cell paramTableColId="FAMILY_USE_COD" value="VENTE" />
                  <cell paramTableColId="FAMILY_GROUP" value="0" />
                  <cell paramTableColId="FAMILY_COM_ORDER" />
                  <cell paramTableColId="FAMILY_COM_TAG" />
               </occurrence>
            </parameter>
            <parameter>
               <businessKey>
                  <cell paramTableColId="COMPANY_COD" value="00230" />
                  <cell paramTableColId="FAMILY_COM_COD" value="F14" />
               </businessKey>
               <occurrence occurStatus="Client" occurStartDate="1970-01-01" lastOccurUpdateDt="2013-09-10" lastOccurUpdateUsrId="adminitg" updateSource=" " occurValidationDate="1969-01-01" occurValidationUsrId="adminitg" timestamp="20201506121727658">
                  <cell paramTableColId="FAMILY_LBL">
                     <label>
                        <ePObjectLbl languageCod="fr">Compte Spécial</ePObjectLbl>
                     </label>
                  </cell>
                  <cell paramTableColId="FAMILY_LG_LBL" />
                  <cell paramTableColId="FAMILY_USE_COD" value="VENTE" />
                  <cell paramTableColId="FAMILY_GROUP" value="0" />
                  <cell paramTableColId="FAMILY_COM_ORDER" />
                  <cell paramTableColId="FAMILY_COM_TAG" />
               </occurrence>
            </parameter>
            <parameter>
               <businessKey>
                  <cell paramTableColId="COMPANY_COD" value="00230" />
                  <cell paramTableColId="FAMILY_COM_COD" value="F2" />
               </businessKey>
               <occurrence occurStatus="Client" occurStartDate="1970-01-01" lastOccurUpdateDt="2013-05-29" lastOccurUpdateUsrId="ADMINITG" updateSource=" " occurValidationDate="1970-01-01" timestamp="20201506121727658">
                  <cell paramTableColId="FAMILY_LBL">
                     <label>
                        <ePObjectLbl languageCod="fr">Compte en Devise</ePObjectLbl>
                     </label>
                  </cell>
                  <cell paramTableColId="FAMILY_LG_LBL" />
                  <cell paramTableColId="FAMILY_USE_COD" value="VENTE" />
                  <cell paramTableColId="FAMILY_GROUP" value="0" />
                  <cell paramTableColId="FAMILY_COM_ORDER" />
                  <cell paramTableColId="FAMILY_COM_TAG" />
               </occurrence>
            </parameter>
            <parameter>
               <businessKey>
                  <cell paramTableColId="COMPANY_COD" value="00230" />
                  <cell paramTableColId="FAMILY_COM_COD" value="F3" />
               </businessKey>
               <occurrence occurStatus="Client" occurStartDate="1970-01-01" lastOccurUpdateDt="2013-05-29" lastOccurUpdateUsrId="ADMINITG" updateSource=" " occurValidationDate="1970-01-01" timestamp="20201506121727658">
                  <cell paramTableColId="FAMILY_LBL">
                     <label>
                        <ePObjectLbl languageCod="fr">Compte en Dirham Convertibles</ePObjectLbl>
                     </label>
                  </cell>
                  <cell paramTableColId="FAMILY_LG_LBL" />
                  <cell paramTableColId="FAMILY_USE_COD" value="VENTE" />
                  <cell paramTableColId="FAMILY_GROUP" value="0" />
                  <cell paramTableColId="FAMILY_COM_ORDER" />
                  <cell paramTableColId="FAMILY_COM_TAG" />
               </occurrence>
            </parameter>
            <parameter>
               <businessKey>
                  <cell paramTableColId="COMPANY_COD" value="00230" />
                  <cell paramTableColId="FAMILY_COM_COD" value="F4" />
               </businessKey>
               <occurrence occurStatus="Client" occurStartDate="1970-01-01" lastOccurUpdateDt="2013-05-29" lastOccurUpdateUsrId="ADMINITG" updateSource=" " occurValidationDate="1970-01-01" timestamp="20201506121727658">
                  <cell paramTableColId="FAMILY_LBL">
                     <label>
                        <ePObjectLbl languageCod="fr">Compte Courant</ePObjectLbl>
                     </label>
                  </cell>
                  <cell paramTableColId="FAMILY_LG_LBL" />
                  <cell paramTableColId="FAMILY_USE_COD" value="VENTE" />
                  <cell paramTableColId="FAMILY_GROUP" value="0" />
                  <cell paramTableColId="FAMILY_COM_ORDER" />
                  <cell paramTableColId="FAMILY_COM_TAG" />
               </occurrence>
            </parameter>
            <parameter>
               <businessKey>
                  <cell paramTableColId="COMPANY_COD" value="00230" />
                  <cell paramTableColId="FAMILY_COM_COD" value="F5" />
               </businessKey>
               <occurrence occurStatus="Client" occurStartDate="1970-01-01" lastOccurUpdateDt="2013-05-29" lastOccurUpdateUsrId="ADMINITG" updateSource=" " occurValidationDate="1970-01-01" timestamp="20201506121727658">
                  <cell paramTableColId="FAMILY_LBL">
                     <label>
                        <ePObjectLbl languageCod="fr">Cartes de débit</ePObjectLbl>
                     </label>
                  </cell>
                  <cell paramTableColId="FAMILY_LG_LBL" />
                  <cell paramTableColId="FAMILY_USE_COD" value="VENTE" />
                  <cell paramTableColId="FAMILY_GROUP" value="0" />
                  <cell paramTableColId="FAMILY_COM_ORDER" />
                  <cell paramTableColId="FAMILY_COM_TAG" />
               </occurrence>
            </parameter>
            <parameter>
               <businessKey>
                  <cell paramTableColId="COMPANY_COD" value="00230" />
                  <cell paramTableColId="FAMILY_COM_COD" value="F6" />
               </businessKey>
               <occurrence occurStatus="Client" occurStartDate="1970-01-01" lastOccurUpdateDt="2013-05-29" lastOccurUpdateUsrId="ADMINITG" updateSource=" " occurValidationDate="1970-01-01" timestamp="20201506121727658">
                  <cell paramTableColId="FAMILY_LBL">
                     <label>
                        <ePObjectLbl languageCod="fr">Cartes de débit internationales</ePObjectLbl>
                     </label>
                  </cell>
                  <cell paramTableColId="FAMILY_LG_LBL" />
                  <cell paramTableColId="FAMILY_USE_COD" value="VENTE" />
                  <cell paramTableColId="FAMILY_GROUP" value="0" />
                  <cell paramTableColId="FAMILY_COM_ORDER" />
                  <cell paramTableColId="FAMILY_COM_TAG" />
               </occurrence>
            </parameter>
            <parameter>
               <businessKey>
                  <cell paramTableColId="COMPANY_COD" value="00230" />
                  <cell paramTableColId="FAMILY_COM_COD" value="F7" />
               </businessKey>
               <occurrence occurStatus="Client" occurStartDate="1970-01-01" lastOccurUpdateDt="2013-05-29" lastOccurUpdateUsrId="ADMINITG" updateSource=" " occurValidationDate="1970-01-01" timestamp="20201506121727658">
                  <cell paramTableColId="FAMILY_LBL">
                     <label>
                        <ePObjectLbl languageCod="fr">Cartes prépayées internationales</ePObjectLbl>
                     </label>
                  </cell>
                  <cell paramTableColId="FAMILY_LG_LBL" />
                  <cell paramTableColId="FAMILY_USE_COD" value="VENTE" />
                  <cell paramTableColId="FAMILY_GROUP" value="0" />
                  <cell paramTableColId="FAMILY_COM_ORDER" />
                  <cell paramTableColId="FAMILY_COM_TAG" />
               </occurrence>
            </parameter>
            <parameter>
               <businessKey>
                  <cell paramTableColId="COMPANY_COD" value="00230" />
                  <cell paramTableColId="FAMILY_COM_COD" value="F8" />
               </businessKey>
               <occurrence occurStatus="Client" occurStartDate="1970-01-01" lastOccurUpdateDt="2013-05-29" lastOccurUpdateUsrId="ADMINITG" updateSource=" " occurValidationDate="1970-01-01" timestamp="20201506121727658">
                  <cell paramTableColId="FAMILY_LBL">
                     <label>
                        <ePObjectLbl languageCod="fr">Cartes prépayées nationales</ePObjectLbl>
                     </label>
                  </cell>
                  <cell paramTableColId="FAMILY_LG_LBL" />
                  <cell paramTableColId="FAMILY_USE_COD" value="VENTE" />
                  <cell paramTableColId="FAMILY_GROUP" value="0" />
                  <cell paramTableColId="FAMILY_COM_ORDER" />
                  <cell paramTableColId="FAMILY_COM_TAG" />
               </occurrence>
            </parameter>
            <parameter>
               <businessKey>
                  <cell paramTableColId="COMPANY_COD" value="00230" />
                  <cell paramTableColId="FAMILY_COM_COD" value="F9" />
               </businessKey>
               <occurrence occurStatus="Client" occurStartDate="1970-01-01" lastOccurUpdateDt="2013-05-29" lastOccurUpdateUsrId="ADMINITG" updateSource=" " occurValidationDate="1970-01-01" timestamp="20201506121727658">
                  <cell paramTableColId="FAMILY_LBL">
                     <label>
                        <ePObjectLbl languageCod="fr">Cartes de Crédit</ePObjectLbl>
                     </label>
                  </cell>
                  <cell paramTableColId="FAMILY_LG_LBL" />
                  <cell paramTableColId="FAMILY_USE_COD" value="VENTE" />
                  <cell paramTableColId="FAMILY_GROUP" value="0" />
                  <cell paramTableColId="FAMILY_COM_ORDER" />
                  <cell paramTableColId="FAMILY_COM_TAG" />
               </occurrence>
            </parameter>
            <parameter>
               <businessKey>
                  <cell paramTableColId="COMPANY_COD" value="00230" />
                  <cell paramTableColId="FAMILY_COM_COD" value="G1" />
               </businessKey>
               <occurrence occurStatus="Client" occurStartDate="1970-01-01" lastOccurUpdateDt="2013-05-29" lastOccurUpdateUsrId="ADMINITG" updateSource=" " occurValidationDate="1970-01-01" timestamp="20201506121727658">
                  <cell paramTableColId="FAMILY_LBL">
                     <label>
                        <ePObjectLbl languageCod="fr">Comptes à Vue</ePObjectLbl>
                     </label>
                  </cell>
                  <cell paramTableColId="FAMILY_LG_LBL" />
                  <cell paramTableColId="FAMILY_USE_COD" value="VENTE" />
                  <cell paramTableColId="FAMILY_GROUP" value="1" />
                  <cell paramTableColId="FAMILY_COM_ORDER" />
                  <cell paramTableColId="FAMILY_COM_TAG" />
               </occurrence>
            </parameter>
            <parameter>
               <businessKey>
                  <cell paramTableColId="COMPANY_COD" value="00230" />
                  <cell paramTableColId="FAMILY_COM_COD" value="G2" />
               </businessKey>
               <occurrence occurStatus="Client" occurStartDate="1970-01-01" lastOccurUpdateDt="2013-05-29" lastOccurUpdateUsrId="ADMINITG" updateSource=" " occurValidationDate="1970-01-01" timestamp="20201506121727658">
                  <cell paramTableColId="FAMILY_LBL">
                     <label>
                        <ePObjectLbl languageCod="fr">Monétique</ePObjectLbl>
                     </label>
                  </cell>
                  <cell paramTableColId="FAMILY_LG_LBL" />
                  <cell paramTableColId="FAMILY_USE_COD" value="VENTE" />
                  <cell paramTableColId="FAMILY_GROUP" value="1" />
                  <cell paramTableColId="FAMILY_COM_ORDER" />
                  <cell paramTableColId="FAMILY_COM_TAG" />
               </occurrence>
            </parameter>
            <parameter>
               <businessKey>
                  <cell paramTableColId="COMPANY_COD" value="00230" />
                  <cell paramTableColId="FAMILY_COM_COD" value="G3" />
               </businessKey>
               <occurrence occurStatus="Client" occurStartDate="1970-01-01" lastOccurUpdateDt="2013-05-29" lastOccurUpdateUsrId="ADMINITG" updateSource=" " occurValidationDate="1970-01-01" timestamp="20201506121727658">
                  <cell paramTableColId="FAMILY_LBL">
                     <label>
                        <ePObjectLbl languageCod="fr">Epargne</ePObjectLbl>
                     </label>
                  </cell>
                  <cell paramTableColId="FAMILY_LG_LBL" />
                  <cell paramTableColId="FAMILY_USE_COD" value="VENTE" />
                  <cell paramTableColId="FAMILY_GROUP" value="1" />
                  <cell paramTableColId="FAMILY_COM_ORDER" />
                  <cell paramTableColId="FAMILY_COM_TAG" />
               </occurrence>
            </parameter>
            <parameter>
               <businessKey>
                  <cell paramTableColId="COMPANY_COD" value="00230" />
                  <cell paramTableColId="FAMILY_COM_COD" value="G4" />
               </businessKey>
               <occurrence occurStatus="Client" occurStartDate="1970-01-01" lastOccurUpdateDt="2013-05-29" lastOccurUpdateUsrId="ADMINITG" updateSource=" " occurValidationDate="1970-01-01" timestamp="20201506121727658">
                  <cell paramTableColId="FAMILY_LBL">
                     <label>
                        <ePObjectLbl languageCod="fr">Comptes Réglementés</ePObjectLbl>
                     </label>
                  </cell>
                  <cell paramTableColId="FAMILY_LG_LBL" />
                  <cell paramTableColId="FAMILY_USE_COD" value="VENTE" />
                  <cell paramTableColId="FAMILY_GROUP" value="1" />
                  <cell paramTableColId="FAMILY_COM_ORDER" />
                  <cell paramTableColId="FAMILY_COM_TAG" />
               </occurrence>
            </parameter>
            <parameter>
               <businessKey>
                  <cell paramTableColId="COMPANY_COD" value="00230" />
                  <cell paramTableColId="FAMILY_COM_COD" value="G5" />
               </businessKey>
               <occurrence occurStatus="Client" occurStartDate="1970-01-01" lastOccurUpdateDt="2013-05-29" lastOccurUpdateUsrId="ADMINITG" updateSource=" " occurValidationDate="1970-01-01" timestamp="20201506121727658">
                  <cell paramTableColId="FAMILY_LBL">
                     <label>
                        <ePObjectLbl languageCod="fr">Comptes Correspondants</ePObjectLbl>
                     </label>
                  </cell>
                  <cell paramTableColId="FAMILY_LG_LBL" />
                  <cell paramTableColId="FAMILY_USE_COD" value="VENTE" />
                  <cell paramTableColId="FAMILY_GROUP" value="1" />
                  <cell paramTableColId="FAMILY_COM_ORDER" />
                  <cell paramTableColId="FAMILY_COM_TAG" />
               </occurrence>
            </parameter>
                 </content>
      </table>
  
 
   </EP>
</import>

