<?xml version="1.0" encoding="UTF-8"?>
<import date="2018-09-01" source="export">
   <EP>
          <table paramTableId="CATALOG_EXTERNAL_DISTRIBUTOR" paramDomainId="CATALOG" paramTableStatus="Publisher" clientOccAllowedParamTableInd="1" paramTableScope="Company" monoCurParamTableInd="0" unversionedParamTableInd="0" extParamTableInd="0" autoIncrParamTableInd="0" mode="global" exportId=" " lastParamTableExportDt="2018-09-01" timestamp="20201506121727658">
         <label>
            <ePObjectLbl languageCod="fr">Distributeur externe</ePObjectLbl>
            <ePObjectLbl languageCod="en">External distributor</ePObjectLbl>
         </label>
         
         <content>
            <parameter>
               <businessKey>
                  <cell paramTableColId="COMPANY_COD" value="00230" />
                  <cell paramTableColId="ENTITY_COD" value="00230" />
               </businessKey>
               <occurrence occurStatus="Client" occurStartDate="1970-01-01" lastOccurUpdateDt="2016-06-24" lastOccurUpdateUsrId="SICUSER" updateSource=" " occurValidationDate="1970-01-01" timestamp="20201506121727658">
                  <cell paramTableColId="ENTITY_LBL">
                     <label>
                        <ePObjectLbl languageCod="fr">CIH</ePObjectLbl>
                     </label>
                  </cell>
               </occurrence>
            </parameter>
            <parameter>
               <businessKey>
                  <cell paramTableColId="COMPANY_COD" value="00230" />
                  <cell paramTableColId="ENTITY_COD" value="097" />
               </businessKey>
               <occurrence occurStatus="Client" occurStartDate="1970-01-01" lastOccurUpdateDt="2018-11-15" lastOccurUpdateUsrId="admin" updateSource=" " occurValidationDate="1970-01-01" occurValidationUsrId="admin" timestamp="20201506121727658">
                  <cell paramTableColId="ENTITY_LBL">
                     <label>
                        <ePObjectLbl languageCod="fr">Agence de l'International</ePObjectLbl>
                     </label>
                  </cell>
               </occurrence>
            </parameter>
            <parameter>
               <businessKey>
                  <cell paramTableColId="COMPANY_COD" value="00230" />
                  <cell paramTableColId="ENTITY_COD" value="200" />
               </businessKey>
               <occurrence occurStatus="Client" occurStartDate="1970-01-01" lastOccurUpdateDt="2018-11-15" lastOccurUpdateUsrId="admin" updateSource=" " occurValidationDate="1970-01-01" occurValidationUsrId="admin" timestamp="20201506121727658">
                  <cell paramTableColId="ENTITY_LBL">
                     <label>
                        <ePObjectLbl languageCod="fr">Salle des marchés</ePObjectLbl>
                     </label>
                  </cell>
               </occurrence>
            </parameter>
            <parameter>
               <businessKey>
                  <cell paramTableColId="COMPANY_COD" value="00230" />
                  <cell paramTableColId="ENTITY_COD" value="243" />
               </businessKey>
               <occurrence occurStatus="Client" occurStartDate="1970-01-01" lastOccurUpdateDt="2016-06-24" lastOccurUpdateUsrId="SICUSER" updateSource=" " occurValidationDate="1970-01-01" timestamp="20201506121727658">
                  <cell paramTableColId="ENTITY_LBL">
                     <label>
                        <ePObjectLbl languageCod="fr">Agence VIP</ePObjectLbl>
                     </label>
                  </cell>
               </occurrence>
            </parameter>
            <parameter>
               <businessKey>
                  <cell paramTableColId="COMPANY_COD" value="00230" />
                  <cell paramTableColId="ENTITY_COD" value="310" />
               </businessKey>
               <occurrence occurStatus="Client" occurStartDate="1970-01-01" lastOccurUpdateDt="2016-06-24" lastOccurUpdateUsrId="SICUSER" updateSource=" " occurValidationDate="1970-01-01" timestamp="20201506121727658">
                  <cell paramTableColId="ENTITY_LBL">
                     <label>
                        <ePObjectLbl languageCod="fr">Agence Mobile</ePObjectLbl>
                     </label>
                  </cell>
               </occurrence>
            </parameter>
            <parameter>
               <businessKey>
                  <cell paramTableColId="COMPANY_COD" value="00230" />
                  <cell paramTableColId="ENTITY_COD" value="BPV" />
               </businessKey>
               <occurrence occurStatus="Client" occurStartDate="1970-01-01" lastOccurUpdateDt="2016-06-24" lastOccurUpdateUsrId="SICUSER" updateSource=" " occurValidationDate="1970-01-01" timestamp="20201506121727658">
                  <cell paramTableColId="ENTITY_LBL">
                     <label>
                        <ePObjectLbl languageCod="fr">Banque Privée</ePObjectLbl>
                     </label>
                  </cell>
               </occurrence>
            </parameter>
            <parameter>
               <businessKey>
                  <cell paramTableColId="COMPANY_COD" value="00230" />
                  <cell paramTableColId="ENTITY_COD" value="CE230" />
               </businessKey>
               <occurrence occurStatus="Client" occurStartDate="1970-01-01" lastOccurUpdateDt="2016-06-24" lastOccurUpdateUsrId="SICUSER" updateSource=" " occurValidationDate="1970-01-01" timestamp="20201506121727658">
                  <cell paramTableColId="ENTITY_LBL">
                     <label>
                        <ePObjectLbl languageCod="fr">Centres d'affaires Entreprise</ePObjectLbl>
                     </label>
                  </cell>
               </occurrence>
            </parameter>
            <parameter>
               <businessKey>
                  <cell paramTableColId="COMPANY_COD" value="00230" />
                  <cell paramTableColId="ENTITY_COD" value="CI230" />
               </businessKey>
               <occurrence occurStatus="Client" occurStartDate="1970-01-01" lastOccurUpdateDt="2016-06-24" lastOccurUpdateUsrId="SICUSER" updateSource=" " occurValidationDate="1970-01-01" timestamp="20201506121727658">
                  <cell paramTableColId="ENTITY_LBL">
                     <label>
                        <ePObjectLbl languageCod="fr">Centres d'affaires Immobilier</ePObjectLbl>
                     </label>
                  </cell>
               </occurrence>
            </parameter>
            <parameter>
               <businessKey>
                  <cell paramTableColId="COMPANY_COD" value="00230" />
                  <cell paramTableColId="ENTITY_COD" value="CS230" />
               </businessKey>
               <occurrence occurStatus="Client" occurStartDate="1970-01-01" lastOccurUpdateDt="2016-06-24" lastOccurUpdateUsrId="SICUSER" updateSource=" " occurValidationDate="1970-01-01" timestamp="20201506121727658">
                  <cell paramTableColId="ENTITY_LBL">
                     <label>
                        <ePObjectLbl languageCod="fr">Centres d'affaires Institutionnel</ePObjectLbl>
                     </label>
                  </cell>
               </occurrence>
            </parameter>
            <parameter>
               <businessKey>
                  <cell paramTableColId="COMPANY_COD" value="00230" />
                  <cell paramTableColId="ENTITY_COD" value="LOPIL" />
               </businessKey>
               <occurrence occurStatus="Client" occurStartDate="1970-01-01" lastOccurUpdateDt="2016-06-24" lastOccurUpdateUsrId="SICUSER" updateSource=" " occurValidationDate="1970-01-01" timestamp="20201506121727658">
                  <cell paramTableColId="ENTITY_LBL">
                     <label>
                        <ePObjectLbl languageCod="fr">Agences Pilote LO</ePObjectLbl>
                     </label>
                  </cell>
               </occurrence>
            </parameter>
         
         </content>
      </table>
  
 
   </EP>
</import>

