<?xml version="1.0" encoding="UTF-8"?>
<import date="2018-09-01" source="export">
   <EP>
            <table paramTableId="CATALOG_FAMILY_OFFER" paramDomainId="CATALOG" paramTableStatus="Publisher" clientOccAllowedParamTableInd="1" paramTableScope="Company" monoCurParamTableInd="0" unversionedParamTableInd="0" extParamTableInd="0" autoIncrParamTableInd="0" mode="global" exportId=" " lastParamTableExportDt="2018-09-01" timestamp="20201506121727658">
         <label>
            <ePObjectLbl languageCod="fr">famille</ePObjectLbl>
            <ePObjectLbl languageCod="en">family</ePObjectLbl>
         </label>
         
         <content>
            <parameter>
               <businessKey>
                  <cell paramTableColId="COMPANY_COD" value="00230" />
                  <cell paramTableColId="FAMILY_OFFER_COD" value="F1" />
               </businessKey>
               <occurrence occurStatus="Client" occurStartDate="1970-01-01" lastOccurUpdateDt="2014-03-25" lastOccurUpdateUsrId="admineditor" updateSource=" " occurValidationDate="1969-01-01" occurValidationUsrId="admineditor" timestamp="20201506121727658">
                  <cell paramTableColId="FAMILY_LBL">
                     <label>
                        <ePObjectLbl languageCod="fr">Compte Chèque</ePObjectLbl>
                     </label>
                  </cell>
                  <cell paramTableColId="FAMILY_LG_LBL" />
                  <cell paramTableColId="FAMILY_USE_COD" value="VENTE" />
                  <cell paramTableColId="FAMILY_GROUP" value="0" />
                  <cell paramTableColId="FAMILY_OFFER_ORDER" />
                  <cell paramTableColId="FAMILY_OFFER_TAG" />
               </occurrence>
            </parameter>
            <parameter>
               <businessKey>
                  <cell paramTableColId="COMPANY_COD" value="00230" />
                  <cell paramTableColId="FAMILY_OFFER_COD" value="F10" />
               </businessKey>
               <occurrence occurStatus="Client" occurStartDate="1970-01-01" lastOccurUpdateDt="2014-03-25" lastOccurUpdateUsrId="admineditor" updateSource=" " occurValidationDate="1969-01-01" occurValidationUsrId="admineditor" timestamp="20201506121727658">
                  <cell paramTableColId="FAMILY_LBL">
                     <label>
                        <ePObjectLbl languageCod="fr">Plan d'Epargne</ePObjectLbl>
                     </label>
                  </cell>
                  <cell paramTableColId="FAMILY_LG_LBL" />
                  <cell paramTableColId="FAMILY_USE_COD" value="VENTE" />
                  <cell paramTableColId="FAMILY_GROUP" value="0" />
                  <cell paramTableColId="FAMILY_OFFER_ORDER" />
                  <cell paramTableColId="FAMILY_OFFER_TAG" />
               </occurrence>
            </parameter>
            <parameter>
               <businessKey>
                  <cell paramTableColId="COMPANY_COD" value="00230" />
                  <cell paramTableColId="FAMILY_OFFER_COD" value="F11" />
               </businessKey>
               <occurrence occurStatus="Client" occurStartDate="1970-01-01" lastOccurUpdateDt="2014-03-25" lastOccurUpdateUsrId="admineditor" updateSource=" " occurValidationDate="1969-01-01" occurValidationUsrId="admineditor" timestamp="20201506121727658">
                  <cell paramTableColId="FAMILY_LBL">
                     <label>
                        <ePObjectLbl languageCod="fr">Epargne</ePObjectLbl>
                     </label>
                  </cell>
                  <cell paramTableColId="FAMILY_LG_LBL" />
                  <cell paramTableColId="FAMILY_USE_COD" value="VENTE" />
                  <cell paramTableColId="FAMILY_GROUP" value="0" />
                  <cell paramTableColId="FAMILY_OFFER_ORDER" />
                  <cell paramTableColId="FAMILY_OFFER_TAG" />
               </occurrence>
            </parameter>
            <parameter>
               <businessKey>
                  <cell paramTableColId="COMPANY_COD" value="00230" />
                  <cell paramTableColId="FAMILY_OFFER_COD" value="F12" />
               </businessKey>
               <occurrence occurStatus="Client" occurStartDate="1970-01-01" lastOccurUpdateDt="2014-03-25" lastOccurUpdateUsrId="admineditor" updateSource=" " occurValidationDate="1969-01-01" occurValidationUsrId="admineditor" timestamp="20201506121727658">
                  <cell paramTableColId="FAMILY_LBL">
                     <label>
                        <ePObjectLbl languageCod="fr">Comptes Réglementés</ePObjectLbl>
                     </label>
                  </cell>
                  <cell paramTableColId="FAMILY_LG_LBL" />
                  <cell paramTableColId="FAMILY_USE_COD" value="VENTE" />
                  <cell paramTableColId="FAMILY_GROUP" value="0" />
                  <cell paramTableColId="FAMILY_OFFER_ORDER" />
                  <cell paramTableColId="FAMILY_OFFER_TAG" />
               </occurrence>
            </parameter>
            <parameter>
               <businessKey>
                  <cell paramTableColId="COMPANY_COD" value="00230" />
                  <cell paramTableColId="FAMILY_OFFER_COD" value="F13" />
               </businessKey>
               <occurrence occurStatus="Client" occurStartDate="1970-01-01" lastOccurUpdateDt="2014-03-25" lastOccurUpdateUsrId="admineditor" updateSource=" " occurValidationDate="1969-01-01" occurValidationUsrId="admineditor" timestamp="20201506121727658">
                  <cell paramTableColId="FAMILY_LBL">
                     <label>
                        <ePObjectLbl languageCod="fr">Comptes Correspondants</ePObjectLbl>
                     </label>
                  </cell>
                  <cell paramTableColId="FAMILY_LG_LBL" />
                  <cell paramTableColId="FAMILY_USE_COD" value="VENTE" />
                  <cell paramTableColId="FAMILY_GROUP" value="0" />
                  <cell paramTableColId="FAMILY_OFFER_ORDER" />
                  <cell paramTableColId="FAMILY_OFFER_TAG" />
               </occurrence>
            </parameter>
            <parameter>
               <businessKey>
                  <cell paramTableColId="COMPANY_COD" value="00230" />
                  <cell paramTableColId="FAMILY_OFFER_COD" value="F14" />
               </businessKey>
               <occurrence occurStatus="Client" occurStartDate="1970-01-01" lastOccurUpdateDt="2014-03-25" lastOccurUpdateUsrId="admineditor" updateSource=" " occurValidationDate="1969-01-01" occurValidationUsrId="admineditor" timestamp="20201506121727658">
                  <cell paramTableColId="FAMILY_LBL">
                     <label>
                        <ePObjectLbl languageCod="fr">Compte Spécial</ePObjectLbl>
                     </label>
                  </cell>
                  <cell paramTableColId="FAMILY_LG_LBL" />
                  <cell paramTableColId="FAMILY_USE_COD" value="VENTE" />
                  <cell paramTableColId="FAMILY_GROUP" value="0" />
                  <cell paramTableColId="FAMILY_OFFER_ORDER" />
                  <cell paramTableColId="FAMILY_OFFER_TAG" />
               </occurrence>
            </parameter>
            <parameter>
               <businessKey>
                  <cell paramTableColId="COMPANY_COD" value="00230" />
                  <cell paramTableColId="FAMILY_OFFER_COD" value="F15" />
               </businessKey>
               <occurrence occurStatus="Client" occurStartDate="1970-01-01" lastOccurUpdateDt="2014-03-25" lastOccurUpdateUsrId="admineditor" updateSource=" " occurValidationDate="1969-01-01" occurValidationUsrId="admineditor" timestamp="20201506121727658">
                  <cell paramTableColId="FAMILY_LBL">
                     <label>
                        <ePObjectLbl languageCod="fr">Crédit Immobilier</ePObjectLbl>
                     </label>
                  </cell>
                  <cell paramTableColId="FAMILY_LG_LBL" />
                  <cell paramTableColId="FAMILY_USE_COD" value="VENTE" />
                  <cell paramTableColId="FAMILY_GROUP" value="0" />
                  <cell paramTableColId="FAMILY_OFFER_ORDER" />
                  <cell paramTableColId="FAMILY_OFFER_TAG" />
               </occurrence>
            </parameter>
            <parameter>
               <businessKey>
                  <cell paramTableColId="COMPANY_COD" value="00230" />
                  <cell paramTableColId="FAMILY_OFFER_COD" value="F16" />
               </businessKey>
               <occurrence occurStatus="Client" occurStartDate="1970-01-01" lastOccurUpdateDt="2014-03-25" lastOccurUpdateUsrId="admineditor" updateSource=" " occurValidationDate="1969-01-01" occurValidationUsrId="admineditor" timestamp="20201506121727658">
                  <cell paramTableColId="FAMILY_LBL">
                     <label>
                        <ePObjectLbl languageCod="fr">Crédit Consommation</ePObjectLbl>
                     </label>
                  </cell>
                  <cell paramTableColId="FAMILY_LG_LBL" />
                  <cell paramTableColId="FAMILY_USE_COD" value="VENTE" />
                  <cell paramTableColId="FAMILY_GROUP" value="0" />
                  <cell paramTableColId="FAMILY_OFFER_ORDER" />
                  <cell paramTableColId="FAMILY_OFFER_TAG" />
               </occurrence>
            </parameter>
            <parameter>
               <businessKey>
                  <cell paramTableColId="COMPANY_COD" value="00230" />
                  <cell paramTableColId="FAMILY_OFFER_COD" value="F17" />
               </businessKey>
               <occurrence occurStatus="Client" occurStartDate="1970-01-01" lastOccurUpdateDt="2014-06-20" lastOccurUpdateUsrId="admineditor" updateSource=" " occurValidationDate="1969-01-01" occurValidationUsrId="admineditor" timestamp="20201506121727658">
                  <cell paramTableColId="FAMILY_LBL">
                     <label>
                        <ePObjectLbl languageCod="fr">Offre Essentiel</ePObjectLbl>
                     </label>
                  </cell>
                  <cell paramTableColId="FAMILY_LG_LBL" />
                  <cell paramTableColId="FAMILY_USE_COD" value="VENTE" />
                  <cell paramTableColId="FAMILY_GROUP" value="0" />
                  <cell paramTableColId="FAMILY_OFFER_ORDER" />
                  <cell paramTableColId="FAMILY_OFFER_TAG" />
               </occurrence>
            </parameter>
            <parameter>
               <businessKey>
                  <cell paramTableColId="COMPANY_COD" value="00230" />
                  <cell paramTableColId="FAMILY_OFFER_COD" value="F18" />
               </businessKey>
               <occurrence occurStatus="Client" occurStartDate="1970-01-01" lastOccurUpdateDt="2014-07-10" lastOccurUpdateUsrId="adminitg" updateSource=" " occurValidationDate="1969-01-01" occurValidationUsrId="adminitg" timestamp="20201506121727658">
                  <cell paramTableColId="FAMILY_LBL">
                     <label>
                        <ePObjectLbl languageCod="fr">Banque en ligne</ePObjectLbl>
                     </label>
                  </cell>
                  <cell paramTableColId="FAMILY_LG_LBL" />
                  <cell paramTableColId="FAMILY_USE_COD" value="VENTE" />
                  <cell paramTableColId="FAMILY_GROUP" value="0" />
                  <cell paramTableColId="FAMILY_OFFER_ORDER" />
                  <cell paramTableColId="FAMILY_OFFER_TAG" />
               </occurrence>
            </parameter>
            <parameter>
               <businessKey>
                  <cell paramTableColId="COMPANY_COD" value="00230" />
                  <cell paramTableColId="FAMILY_OFFER_COD" value="F19" />
               </businessKey>
               <occurrence occurStatus="Client" occurStartDate="1970-01-01" lastOccurUpdateDt="2014-08-12" lastOccurUpdateUsrId="adminitg" updateSource=" " occurValidationDate="1969-01-01" occurValidationUsrId="adminitg" timestamp="20201506121727658">
                  <cell paramTableColId="FAMILY_LBL">
                     <label>
                        <ePObjectLbl languageCod="fr">Bancassurance Epargne</ePObjectLbl>
                     </label>
                  </cell>
                  <cell paramTableColId="FAMILY_LG_LBL" />
                  <cell paramTableColId="FAMILY_USE_COD" value="VENTE" />
                  <cell paramTableColId="FAMILY_GROUP" value="0" />
                  <cell paramTableColId="FAMILY_OFFER_ORDER" />
                  <cell paramTableColId="FAMILY_OFFER_TAG" />
               </occurrence>
            </parameter>
            <parameter>
               <businessKey>
                  <cell paramTableColId="COMPANY_COD" value="00230" />
                  <cell paramTableColId="FAMILY_OFFER_COD" value="F2" />
               </businessKey>
               <occurrence occurStatus="Client" occurStartDate="1970-01-01" lastOccurUpdateDt="2014-03-25" lastOccurUpdateUsrId="admineditor" updateSource=" " occurValidationDate="1969-01-01" occurValidationUsrId="admineditor" timestamp="20201506121727658">
                  <cell paramTableColId="FAMILY_LBL">
                     <label>
                        <ePObjectLbl languageCod="fr">Compte en devises</ePObjectLbl>
                     </label>
                  </cell>
                  <cell paramTableColId="FAMILY_LG_LBL" />
                  <cell paramTableColId="FAMILY_USE_COD" value="VENTE" />
                  <cell paramTableColId="FAMILY_GROUP" value="0" />
                  <cell paramTableColId="FAMILY_OFFER_ORDER" />
                  <cell paramTableColId="FAMILY_OFFER_TAG" />
               </occurrence>
            </parameter>
            <parameter>
               <businessKey>
                  <cell paramTableColId="COMPANY_COD" value="00230" />
                  <cell paramTableColId="FAMILY_OFFER_COD" value="F20" />
               </businessKey>
               <occurrence occurStatus="Client" occurStartDate="1970-01-01" lastOccurUpdateDt="2014-08-12" lastOccurUpdateUsrId="adminitg" updateSource=" " occurValidationDate="1969-01-01" occurValidationUsrId="adminitg" timestamp="20201506121727658">
                  <cell paramTableColId="FAMILY_LBL">
                     <label>
                        <ePObjectLbl languageCod="fr">Prévoyance</ePObjectLbl>
                     </label>
                  </cell>
                  <cell paramTableColId="FAMILY_LG_LBL" />
                  <cell paramTableColId="FAMILY_USE_COD" value="VENTE" />
                  <cell paramTableColId="FAMILY_GROUP" value="0" />
                  <cell paramTableColId="FAMILY_OFFER_ORDER" />
                  <cell paramTableColId="FAMILY_OFFER_TAG" />
               </occurrence>
            </parameter>
            <parameter>
               <businessKey>
                  <cell paramTableColId="COMPANY_COD" value="00230" />
                  <cell paramTableColId="FAMILY_OFFER_COD" value="F21" />
               </businessKey>
               <occurrence occurStatus="Client" occurStartDate="1970-01-01" lastOccurUpdateDt="2014-08-12" lastOccurUpdateUsrId="adminitg" updateSource=" " occurValidationDate="1969-01-01" occurValidationUsrId="adminitg" timestamp="20201506121727658">
                  <cell paramTableColId="FAMILY_LBL">
                     <label>
                        <ePObjectLbl languageCod="fr">Dommage</ePObjectLbl>
                     </label>
                  </cell>
                  <cell paramTableColId="FAMILY_LG_LBL" />
                  <cell paramTableColId="FAMILY_USE_COD" value="VENTE" />
                  <cell paramTableColId="FAMILY_GROUP" value="0" />
                  <cell paramTableColId="FAMILY_OFFER_ORDER" />
                  <cell paramTableColId="FAMILY_OFFER_TAG" />
               </occurrence>
            </parameter>
            <parameter>
               <businessKey>
                  <cell paramTableColId="COMPANY_COD" value="00230" />
                  <cell paramTableColId="FAMILY_OFFER_COD" value="F22" />
               </businessKey>
               <occurrence occurStatus="Client" occurStartDate="1970-01-01" lastOccurUpdateDt="2014-03-25" lastOccurUpdateUsrId="admineditor" updateSource=" " occurValidationDate="1969-01-01" occurValidationUsrId="admineditor" timestamp="20201506121727658">
                  <cell paramTableColId="FAMILY_LBL">
                     <label>
                        <ePObjectLbl languageCod="fr">Compte à terme</ePObjectLbl>
                     </label>
                  </cell>
                  <cell paramTableColId="FAMILY_LG_LBL" />
                  <cell paramTableColId="FAMILY_USE_COD" value="VENTE" />
                  <cell paramTableColId="FAMILY_GROUP" value="0" />
                  <cell paramTableColId="FAMILY_OFFER_ORDER" />
                  <cell paramTableColId="FAMILY_OFFER_TAG" />
               </occurrence>
            </parameter>
            <parameter>
               <businessKey>
                  <cell paramTableColId="COMPANY_COD" value="00230" />
                  <cell paramTableColId="FAMILY_OFFER_COD" value="F23" />
               </businessKey>
               <occurrence occurStatus="Client" occurStartDate="1970-01-01" lastOccurUpdateDt="2014-03-25" lastOccurUpdateUsrId="admineditor" updateSource=" " occurValidationDate="1969-01-01" occurValidationUsrId="admineditor" timestamp="20201506121727658">
                  <cell paramTableColId="FAMILY_LBL">
                     <label>
                        <ePObjectLbl languageCod="fr">Bon de caisse</ePObjectLbl>
                     </label>
                  </cell>
                  <cell paramTableColId="FAMILY_LG_LBL" />
                  <cell paramTableColId="FAMILY_USE_COD" value="VENTE" />
                  <cell paramTableColId="FAMILY_GROUP" value="0" />
                  <cell paramTableColId="FAMILY_OFFER_ORDER" />
                  <cell paramTableColId="FAMILY_OFFER_TAG" />
               </occurrence>
            </parameter>
            <parameter>
               <businessKey>
                  <cell paramTableColId="COMPANY_COD" value="00230" />
                  <cell paramTableColId="FAMILY_OFFER_COD" value="F24" />
               </businessKey>
               <occurrence occurStatus="Client" occurStartDate="1970-01-01" lastOccurUpdateDt="2014-03-25" lastOccurUpdateUsrId="admineditor" updateSource=" " occurValidationDate="1969-01-01" occurValidationUsrId="admineditor" timestamp="20201506121727658">
                  <cell paramTableColId="FAMILY_LBL">
                     <label>
                        <ePObjectLbl languageCod="fr">Etudes à l'étranger</ePObjectLbl>
                     </label>
                  </cell>
                  <cell paramTableColId="FAMILY_LG_LBL" />
                  <cell paramTableColId="FAMILY_USE_COD" value="VENTE" />
                  <cell paramTableColId="FAMILY_GROUP" value="0" />
                  <cell paramTableColId="FAMILY_OFFER_ORDER" />
                  <cell paramTableColId="FAMILY_OFFER_TAG" />
               </occurrence>
            </parameter>
            <parameter>
               <businessKey>
                  <cell paramTableColId="COMPANY_COD" value="00230" />
                  <cell paramTableColId="FAMILY_OFFER_COD" value="F25" />
               </businessKey>
               <occurrence occurStatus="Client" occurStartDate="1970-01-01" lastOccurUpdateDt="2014-03-25" lastOccurUpdateUsrId="admineditor" updateSource=" " occurValidationDate="1969-01-01" occurValidationUsrId="admineditor" timestamp="20201506121727658">
                  <cell paramTableColId="FAMILY_LBL">
                     <label>
                        <ePObjectLbl languageCod="fr">Economies sur revenu</ePObjectLbl>
                     </label>
                  </cell>
                  <cell paramTableColId="FAMILY_LG_LBL" />
                  <cell paramTableColId="FAMILY_USE_COD" value="VENTE" />
                  <cell paramTableColId="FAMILY_GROUP" value="0" />
                  <cell paramTableColId="FAMILY_OFFER_ORDER" />
                  <cell paramTableColId="FAMILY_OFFER_TAG" />
               </occurrence>
            </parameter>
            <parameter>
               <businessKey>
                  <cell paramTableColId="COMPANY_COD" value="00230" />
                  <cell paramTableColId="FAMILY_OFFER_COD" value="F26" />
               </businessKey>
               <occurrence occurStatus="Client" occurStartDate="1970-01-01" lastOccurUpdateDt="2015-04-28" lastOccurUpdateUsrId="adminitg" updateSource=" " occurValidationDate="1969-01-01" occurValidationUsrId="adminitg" timestamp="20201506121727658">
                  <cell paramTableColId="FAMILY_LBL">
                     <label>
                        <ePObjectLbl languageCod="fr">Offre packagÃ©e</ePObjectLbl>
                     </label>
                  </cell>
                  <cell paramTableColId="FAMILY_LG_LBL" />
                  <cell paramTableColId="FAMILY_USE_COD" value="VENTE" />
                  <cell paramTableColId="FAMILY_GROUP" value="0" />
                  <cell paramTableColId="FAMILY_OFFER_ORDER" />
                  <cell paramTableColId="FAMILY_OFFER_TAG" />
               </occurrence>
            </parameter>
            <parameter>
               <businessKey>
                  <cell paramTableColId="COMPANY_COD" value="00230" />
                  <cell paramTableColId="FAMILY_OFFER_COD" value="F27" />
               </businessKey>
               <occurrence occurStatus="Client" occurStartDate="1970-01-01" lastOccurUpdateDt="2015-10-13" lastOccurUpdateUsrId="adminitg" updateSource=" " occurValidationDate="1969-01-01" occurValidationUsrId="adminitg" timestamp="20201506121727658">
                  <cell paramTableColId="FAMILY_LBL">
                     <label>
                        <ePObjectLbl languageCod="fr">Offre Jeune CODE 30</ePObjectLbl>
                     </label>
                  </cell>
                  <cell paramTableColId="FAMILY_LG_LBL" />
                  <cell paramTableColId="FAMILY_USE_COD" value="VENTE" />
                  <cell paramTableColId="FAMILY_GROUP" value="0" />
                  <cell paramTableColId="FAMILY_OFFER_ORDER" />
                  <cell paramTableColId="FAMILY_OFFER_TAG" />
               </occurrence>
            </parameter>
            <parameter>
               <businessKey>
                  <cell paramTableColId="COMPANY_COD" value="00230" />
                  <cell paramTableColId="FAMILY_OFFER_COD" value="F28" />
               </businessKey>
               <occurrence occurStatus="Client" occurStartDate="1970-01-01" lastOccurUpdateDt="2016-11-16" lastOccurUpdateUsrId="admineditor" updateSource=" " occurValidationDate="1969-01-01" occurValidationUsrId="admineditor" timestamp="20201506121727658">
                  <cell paramTableColId="FAMILY_LBL">
                     <label>
                        <ePObjectLbl languageCod="fr">CASH POOLING</ePObjectLbl>
                     </label>
                  </cell>
                  <cell paramTableColId="FAMILY_LG_LBL" />
                  <cell paramTableColId="FAMILY_USE_COD" value="VENTE" />
                  <cell paramTableColId="FAMILY_GROUP" value="0" />
                  <cell paramTableColId="FAMILY_OFFER_ORDER" />
                  <cell paramTableColId="FAMILY_OFFER_TAG" />
               </occurrence>
            </parameter>
            <parameter>
               <businessKey>
                  <cell paramTableColId="COMPANY_COD" value="00230" />
                  <cell paramTableColId="FAMILY_OFFER_COD" value="F29" />
               </businessKey>
               <occurrence occurStatus="Client" occurStartDate="1970-01-01" lastOccurUpdateDt="2017-01-11" lastOccurUpdateUsrId="admineditor" updateSource=" " occurValidationDate="1969-01-01" occurValidationUsrId="admineditor" timestamp="20201506121727658">
                  <cell paramTableColId="FAMILY_LBL">
                     <label>
                        <ePObjectLbl languageCod="fr">Offre CODE 18</ePObjectLbl>
                     </label>
                  </cell>
                  <cell paramTableColId="FAMILY_LG_LBL" />
                  <cell paramTableColId="FAMILY_USE_COD" value="VENTE" />
                  <cell paramTableColId="FAMILY_GROUP" value="0" />
                  <cell paramTableColId="FAMILY_OFFER_ORDER" />
                  <cell paramTableColId="FAMILY_OFFER_TAG" />
               </occurrence>
            </parameter>
            <parameter>
               <businessKey>
                  <cell paramTableColId="COMPANY_COD" value="00230" />
                  <cell paramTableColId="FAMILY_OFFER_COD" value="F3" />
               </businessKey>
               <occurrence occurStatus="Client" occurStartDate="1970-01-01" lastOccurUpdateDt="2014-03-25" lastOccurUpdateUsrId="admineditor" updateSource=" " occurValidationDate="1969-01-01" occurValidationUsrId="admineditor" timestamp="20201506121727658">
                  <cell paramTableColId="FAMILY_LBL">
                     <label>
                        <ePObjectLbl languageCod="fr">Compte en Dirham Convertible</ePObjectLbl>
                     </label>
                  </cell>
                  <cell paramTableColId="FAMILY_LG_LBL" />
                  <cell paramTableColId="FAMILY_USE_COD" value="VENTE" />
                  <cell paramTableColId="FAMILY_GROUP" value="0" />
                  <cell paramTableColId="FAMILY_OFFER_ORDER" />
                  <cell paramTableColId="FAMILY_OFFER_TAG" />
               </occurrence>
            </parameter>
            <parameter>
               <businessKey>
                  <cell paramTableColId="COMPANY_COD" value="00230" />
                  <cell paramTableColId="FAMILY_OFFER_COD" value="F30" />
               </businessKey>
               <occurrence occurStatus="Client" occurStartDate="1970-01-01" lastOccurUpdateDt="2017-03-30" lastOccurUpdateUsrId="admineditor" updateSource=" " occurValidationDate="1969-01-01" occurValidationUsrId="admineditor" timestamp="20201506121727658">
                  <cell paramTableColId="FAMILY_LBL">
                     <label>
                        <ePObjectLbl languageCod="fr">ETEBAC</ePObjectLbl>
                     </label>
                  </cell>
                  <cell paramTableColId="FAMILY_LG_LBL" />
                  <cell paramTableColId="FAMILY_USE_COD" value="VENTE" />
                  <cell paramTableColId="FAMILY_GROUP" value="0" />
                  <cell paramTableColId="FAMILY_OFFER_ORDER" />
                  <cell paramTableColId="FAMILY_OFFER_TAG" />
               </occurrence>
            </parameter>
            <parameter>
               <businessKey>
                  <cell paramTableColId="COMPANY_COD" value="00230" />
                  <cell paramTableColId="FAMILY_OFFER_COD" value="F31" />
               </businessKey>
               <occurrence occurStatus="Client" occurStartDate="1970-01-01" lastOccurUpdateDt="2017-03-30" lastOccurUpdateUsrId="admineditor" updateSource=" " occurValidationDate="1969-01-01" occurValidationUsrId="admineditor" timestamp="20201506121727658">
                  <cell paramTableColId="FAMILY_LBL">
                     <label>
                        <ePObjectLbl languageCod="fr">Coffre fort client</ePObjectLbl>
                     </label>
                  </cell>
                  <cell paramTableColId="FAMILY_LG_LBL" />
                  <cell paramTableColId="FAMILY_USE_COD" value="VENTE" />
                  <cell paramTableColId="FAMILY_GROUP" value="0" />
                  <cell paramTableColId="FAMILY_OFFER_ORDER" />
                  <cell paramTableColId="FAMILY_OFFER_TAG" />
               </occurrence>
            </parameter>
            <parameter>
               <businessKey>
                  <cell paramTableColId="COMPANY_COD" value="00230" />
                  <cell paramTableColId="FAMILY_OFFER_COD" value="F32" />
               </businessKey>
               <occurrence occurStatus="Client" occurStartDate="1970-01-01" lastOccurUpdateDt="2017-03-30" lastOccurUpdateUsrId="admineditor" updateSource=" " occurValidationDate="1969-01-01" occurValidationUsrId="admineditor" timestamp="20201506121727658">
                  <cell paramTableColId="FAMILY_LBL">
                     <label>
                        <ePObjectLbl languageCod="fr">Bourse en ligne</ePObjectLbl>
                     </label>
                  </cell>
                  <cell paramTableColId="FAMILY_LG_LBL" />
                  <cell paramTableColId="FAMILY_USE_COD" value="VENTE" />
                  <cell paramTableColId="FAMILY_GROUP" value="0" />
                  <cell paramTableColId="FAMILY_OFFER_ORDER" />
                  <cell paramTableColId="FAMILY_OFFER_TAG" />
               </occurrence>
            </parameter>
            <parameter>
               <businessKey>
                  <cell paramTableColId="COMPANY_COD" value="00230" />
                  <cell paramTableColId="FAMILY_OFFER_COD" value="F33" />
               </businessKey>
               <occurrence occurStatus="Client" occurStartDate="1970-01-01" lastOccurUpdateDt="2017-03-30" lastOccurUpdateUsrId="admineditor" updateSource=" " occurValidationDate="1969-01-01" occurValidationUsrId="admineditor" timestamp="20201506121727658">
                  <cell paramTableColId="FAMILY_LBL">
                     <label>
                        <ePObjectLbl languageCod="fr">Demande de restitution IR</ePObjectLbl>
                     </label>
                  </cell>
                  <cell paramTableColId="FAMILY_LG_LBL" />
                  <cell paramTableColId="FAMILY_USE_COD" value="VENTE" />
                  <cell paramTableColId="FAMILY_GROUP" value="0" />
                  <cell paramTableColId="FAMILY_OFFER_ORDER" />
                  <cell paramTableColId="FAMILY_OFFER_TAG" />
               </occurrence>
            </parameter>
            <parameter>
               <businessKey>
                  <cell paramTableColId="COMPANY_COD" value="00230" />
                  <cell paramTableColId="FAMILY_OFFER_COD" value="F34" />
               </businessKey>
               <occurrence occurStatus="Client" occurStartDate="1970-01-01" lastOccurUpdateDt="2017-11-21" lastOccurUpdateUsrId="admineditor" updateSource=" " occurValidationDate="1969-01-01" occurValidationUsrId="admineditor" timestamp="20201506121727658">
                  <cell paramTableColId="FAMILY_LBL">
                     <label>
                        <ePObjectLbl languageCod="fr">Services RCAR</ePObjectLbl>
                     </label>
                  </cell>
                  <cell paramTableColId="FAMILY_LG_LBL" />
                  <cell paramTableColId="FAMILY_USE_COD" value="VENTE" />
                  <cell paramTableColId="FAMILY_GROUP" value="0" />
                  <cell paramTableColId="FAMILY_OFFER_ORDER" />
                  <cell paramTableColId="FAMILY_OFFER_TAG" />
               </occurrence>
            </parameter>
            <parameter>
               <businessKey>
                  <cell paramTableColId="COMPANY_COD" value="00230" />
                  <cell paramTableColId="FAMILY_OFFER_COD" value="F35" />
               </businessKey>
               <occurrence occurStatus="Client" occurStartDate="1970-01-01" lastOccurUpdateDt="2018-05-04" lastOccurUpdateUsrId="admineditor" updateSource=" " occurValidationDate="1969-01-01" occurValidationUsrId="admineditor" timestamp="20201506121727658">
                  <cell paramTableColId="FAMILY_LBL">
                     <label>
                        <ePObjectLbl languageCod="fr">WE PAY</ePObjectLbl>
                     </label>
                  </cell>
                  <cell paramTableColId="FAMILY_LG_LBL" />
                  <cell paramTableColId="FAMILY_USE_COD" value="VENTE" />
                  <cell paramTableColId="FAMILY_GROUP" value="0" />
                  <cell paramTableColId="FAMILY_OFFER_ORDER" />
                  <cell paramTableColId="FAMILY_OFFER_TAG" />
               </occurrence>
            </parameter>
            <parameter>
               <businessKey>
                  <cell paramTableColId="COMPANY_COD" value="00230" />
                  <cell paramTableColId="FAMILY_OFFER_COD" value="F36" />
               </businessKey>
               <occurrence occurStatus="Client" occurStartDate="1970-01-01" lastOccurUpdateDt="2018-03-06" lastOccurUpdateUsrId="admineditor" updateSource=" " occurValidationDate="1969-01-01" occurValidationUsrId="admineditor" timestamp="20201506121727658">
                  <cell paramTableColId="FAMILY_LBL">
                     <label>
                        <ePObjectLbl languageCod="fr">CLUB SAYIDATI PART</ePObjectLbl>
                     </label>
                  </cell>
                  <cell paramTableColId="FAMILY_LG_LBL" />
                  <cell paramTableColId="FAMILY_USE_COD" value="VENTE" />
                  <cell paramTableColId="FAMILY_GROUP" value="0" />
                  <cell paramTableColId="FAMILY_OFFER_ORDER" />
                  <cell paramTableColId="FAMILY_OFFER_TAG" />
               </occurrence>
            </parameter>
            <parameter>
               <businessKey>
                  <cell paramTableColId="COMPANY_COD" value="00230" />
                  <cell paramTableColId="FAMILY_OFFER_COD" value="F37" />
               </businessKey>
               <occurrence occurStatus="Client" occurStartDate="1970-01-01" lastOccurUpdateDt="2018-03-06" lastOccurUpdateUsrId="admineditor" updateSource=" " occurValidationDate="1969-01-01" occurValidationUsrId="admineditor" timestamp="20201506121727658">
                  <cell paramTableColId="FAMILY_LBL">
                     <label>
                        <ePObjectLbl languageCod="fr">CLUB SAYIDATI PRO</ePObjectLbl>
                     </label>
                  </cell>
                  <cell paramTableColId="FAMILY_LG_LBL" />
                  <cell paramTableColId="FAMILY_USE_COD" value="VENTE" />
                  <cell paramTableColId="FAMILY_GROUP" value="0" />
                  <cell paramTableColId="FAMILY_OFFER_ORDER" />
                  <cell paramTableColId="FAMILY_OFFER_TAG" />
               </occurrence>
            </parameter>
            <parameter>
               <businessKey>
                  <cell paramTableColId="COMPANY_COD" value="00230" />
                  <cell paramTableColId="FAMILY_OFFER_COD" value="F38" />
               </businessKey>
               <occurrence occurStatus="Client" occurStartDate="1970-01-01" lastOccurUpdateDt="2018-07-18" lastOccurUpdateUsrId="admineditor" updateSource=" " occurValidationDate="1969-01-01" occurValidationUsrId="admineditor" timestamp="20201506121727658">
                  <cell paramTableColId="FAMILY_LBL">
                     <label>
                        <ePObjectLbl languageCod="fr">Offre DUO</ePObjectLbl>
                     </label>
                  </cell>
                  <cell paramTableColId="FAMILY_LG_LBL" />
                  <cell paramTableColId="FAMILY_USE_COD" value="VENTE" />
                  <cell paramTableColId="FAMILY_GROUP" value="0" />
                  <cell paramTableColId="FAMILY_OFFER_ORDER" />
                  <cell paramTableColId="FAMILY_OFFER_TAG" />
               </occurrence>
            </parameter>
            <parameter>
               <businessKey>
                  <cell paramTableColId="COMPANY_COD" value="00230" />
                  <cell paramTableColId="FAMILY_OFFER_COD" value="F39" />
               </businessKey>
               <occurrence occurStatus="Client" occurStartDate="1970-01-01" lastOccurUpdateDt="2018-11-28" lastOccurUpdateUsrId="admineditor" updateSource=" " occurValidationDate="1969-01-01" occurValidationUsrId="admineditor" timestamp="20201506121727658">
                  <cell paramTableColId="FAMILY_LBL">
                     <label>
                        <ePObjectLbl languageCod="fr">Offre ASSASS PRO</ePObjectLbl>
                     </label>
                  </cell>
                  <cell paramTableColId="FAMILY_LG_LBL" />
                  <cell paramTableColId="FAMILY_USE_COD" value="VENTE" />
                  <cell paramTableColId="FAMILY_GROUP" value="0" />
                  <cell paramTableColId="FAMILY_OFFER_ORDER" />
                  <cell paramTableColId="FAMILY_OFFER_TAG" />
               </occurrence>
            </parameter>
            <parameter>
               <businessKey>
                  <cell paramTableColId="COMPANY_COD" value="00230" />
                  <cell paramTableColId="FAMILY_OFFER_COD" value="F4" />
               </businessKey>
               <occurrence occurStatus="Client" occurStartDate="1970-01-01" lastOccurUpdateDt="2014-03-25" lastOccurUpdateUsrId="admineditor" updateSource=" " occurValidationDate="1969-01-01" occurValidationUsrId="admineditor" timestamp="20201506121727658">
                  <cell paramTableColId="FAMILY_LBL">
                     <label>
                        <ePObjectLbl languageCod="fr">Compte Courant</ePObjectLbl>
                     </label>
                  </cell>
                  <cell paramTableColId="FAMILY_LG_LBL" />
                  <cell paramTableColId="FAMILY_USE_COD" value="VENTE" />
                  <cell paramTableColId="FAMILY_GROUP" value="0" />
                  <cell paramTableColId="FAMILY_OFFER_ORDER" />
                  <cell paramTableColId="FAMILY_OFFER_TAG" />
               </occurrence>
            </parameter>
            <parameter>
               <businessKey>
                  <cell paramTableColId="COMPANY_COD" value="00230" />
                  <cell paramTableColId="FAMILY_OFFER_COD" value="F40" />
               </businessKey>
               <occurrence occurStatus="Client" occurStartDate="1970-01-01" lastOccurUpdateDt="2019-04-15" lastOccurUpdateUsrId="admineditor" updateSource=" " occurValidationDate="1969-01-01" occurValidationUsrId="admineditor" timestamp="20201506121727658">
                  <cell paramTableColId="FAMILY_LBL">
                     <label>
                        <ePObjectLbl languageCod="fr">Offre RAHA PRO</ePObjectLbl>
                     </label>
                  </cell>
                  <cell paramTableColId="FAMILY_LG_LBL" />
                  <cell paramTableColId="FAMILY_USE_COD" value="VENTE" />
                  <cell paramTableColId="FAMILY_GROUP" value="1" />
                  <cell paramTableColId="FAMILY_OFFER_ORDER" />
                  <cell paramTableColId="FAMILY_OFFER_TAG" />
               </occurrence>
            </parameter>
            <parameter>
               <businessKey>
                  <cell paramTableColId="COMPANY_COD" value="00230" />
                  <cell paramTableColId="FAMILY_OFFER_COD" value="F41" />
               </businessKey>
               <occurrence occurStatus="Client" occurStartDate="1970-01-01" lastOccurUpdateDt="2019-04-15" lastOccurUpdateUsrId="admineditor" updateSource=" " occurValidationDate="1969-01-01" occurValidationUsrId="admineditor" timestamp="20201506121727658">
                  <cell paramTableColId="FAMILY_LBL">
                     <label>
                        <ePObjectLbl languageCod="fr">Offre PRO PRIVE</ePObjectLbl>
                     </label>
                  </cell>
                  <cell paramTableColId="FAMILY_LG_LBL" />
                  <cell paramTableColId="FAMILY_USE_COD" value="VENTE" />
                  <cell paramTableColId="FAMILY_GROUP" value="0" />
                  <cell paramTableColId="FAMILY_OFFER_ORDER" />
                  <cell paramTableColId="FAMILY_OFFER_TAG" />
               </occurrence>
            </parameter>
            <parameter>
               <businessKey>
                  <cell paramTableColId="COMPANY_COD" value="00230" />
                  <cell paramTableColId="FAMILY_OFFER_COD" value="F42" />
               </businessKey>
               <occurrence occurStatus="Client" occurStartDate="1970-01-01" lastOccurUpdateDt="2019-04-15" lastOccurUpdateUsrId="admineditor" updateSource=" " occurValidationDate="1969-01-01" occurValidationUsrId="admineditor" timestamp="20201506121727658">
                  <cell paramTableColId="FAMILY_LBL">
                     <label>
                        <ePObjectLbl languageCod="fr">ORDRE DE VIREMENT PERMANENT</ePObjectLbl>
                     </label>
                  </cell>
                  <cell paramTableColId="FAMILY_LG_LBL" />
                  <cell paramTableColId="FAMILY_USE_COD" value="VENTE" />
                  <cell paramTableColId="FAMILY_GROUP" value="0" />
                  <cell paramTableColId="FAMILY_OFFER_ORDER" />
                  <cell paramTableColId="FAMILY_OFFER_TAG" />
               </occurrence>
            </parameter>
            <parameter>
               <businessKey>
                  <cell paramTableColId="COMPANY_COD" value="00230" />
                  <cell paramTableColId="FAMILY_OFFER_COD" value="F43" />
               </businessKey>
               <occurrence occurStatus="Client" occurStartDate="1970-01-01" lastOccurUpdateDt="2019-04-12" lastOccurUpdateUsrId="admineditor" updateSource=" " occurValidationDate="1969-01-01" occurValidationUsrId="admineditor" timestamp="20201506121727658">
                  <cell paramTableColId="FAMILY_LBL">
                     <label>
                        <ePObjectLbl languageCod="fr">Offre ATTARIK PRO</ePObjectLbl>
                     </label>
                  </cell>
                  <cell paramTableColId="FAMILY_LG_LBL" />
                  <cell paramTableColId="FAMILY_USE_COD" value="VENTE" />
                  <cell paramTableColId="FAMILY_GROUP" value="0" />
                  <cell paramTableColId="FAMILY_OFFER_ORDER" />
                  <cell paramTableColId="FAMILY_OFFER_TAG" />
               </occurrence>
            </parameter>
            <parameter>
               <businessKey>
                  <cell paramTableColId="COMPANY_COD" value="00230" />
                  <cell paramTableColId="FAMILY_OFFER_COD" value="F44" />
               </businessKey>
               <occurrence occurStatus="Client" occurStartDate="1970-01-01" lastOccurUpdateDt="2019-10-27" lastOccurUpdateUsrId="admineditor" updateSource=" " occurValidationDate="1969-01-01" occurValidationUsrId="admineditor" timestamp="20201506121727658">
                  <cell paramTableColId="FAMILY_LBL">
                     <label>
                        <ePObjectLbl languageCod="fr">Offre Fonctionnaire</ePObjectLbl>
                     </label>
                  </cell>
                  <cell paramTableColId="FAMILY_LG_LBL" />
                  <cell paramTableColId="FAMILY_USE_COD" value="VENTE" />
                  <cell paramTableColId="FAMILY_GROUP" value="0" />
                  <cell paramTableColId="FAMILY_OFFER_ORDER" />
                  <cell paramTableColId="FAMILY_OFFER_TAG" />
               </occurrence>
            </parameter>
            <parameter>
               <businessKey>
                  <cell paramTableColId="COMPANY_COD" value="00230" />
                  <cell paramTableColId="FAMILY_OFFER_COD" value="F45" />
               </businessKey>
               <occurrence occurStatus="Client" occurStartDate="1970-01-01" lastOccurUpdateDt="2019-11-01" lastOccurUpdateUsrId="admineditor" updateSource=" " occurValidationDate="1969-01-01" occurValidationUsrId="admineditor" timestamp="20201506121727658">
                  <cell paramTableColId="FAMILY_LBL">
                     <label>
                        <ePObjectLbl languageCod="fr">Offre Fonctionnaire Conjoint</ePObjectLbl>
                     </label>
                  </cell>
                  <cell paramTableColId="FAMILY_LG_LBL" />
                  <cell paramTableColId="FAMILY_USE_COD" value="VENTE" />
                  <cell paramTableColId="FAMILY_GROUP" value="0" />
                  <cell paramTableColId="FAMILY_OFFER_ORDER" />
                  <cell paramTableColId="FAMILY_OFFER_TAG" />
               </occurrence>
            </parameter>
            <parameter>
               <businessKey>
                  <cell paramTableColId="COMPANY_COD" value="00230" />
                  <cell paramTableColId="FAMILY_OFFER_COD" value="F46" />
               </businessKey>
               <occurrence occurStatus="Client" occurStartDate="1970-01-01" lastOccurUpdateDt="2020-01-12" lastOccurUpdateUsrId="admineditor" updateSource=" " occurValidationDate="1969-01-01" occurValidationUsrId="admineditor" timestamp="20201506121727658">
                  <cell paramTableColId="FAMILY_LBL">
                     <label>
                        <ePObjectLbl languageCod="fr">Offre Intilak Moukaouil</ePObjectLbl>
                     </label>
                  </cell>
                  <cell paramTableColId="FAMILY_LG_LBL" />
                  <cell paramTableColId="FAMILY_USE_COD" value="VENTE" />
                  <cell paramTableColId="FAMILY_GROUP" value="0" />
                  <cell paramTableColId="FAMILY_OFFER_ORDER" />
                  <cell paramTableColId="FAMILY_OFFER_TAG" />
               </occurrence>
            </parameter>
            <parameter>
               <businessKey>
                  <cell paramTableColId="COMPANY_COD" value="00230" />
                  <cell paramTableColId="FAMILY_OFFER_COD" value="F5" />
               </businessKey>
               <occurrence occurStatus="Client" occurStartDate="1970-01-01" lastOccurUpdateDt="2014-03-25" lastOccurUpdateUsrId="admineditor" updateSource=" " occurValidationDate="1969-01-01" occurValidationUsrId="admineditor" timestamp="20201506121727658">
                  <cell paramTableColId="FAMILY_LBL">
                     <label>
                        <ePObjectLbl languageCod="fr">Cartes de Débit </ePObjectLbl>
                     </label>
                  </cell>
                  <cell paramTableColId="FAMILY_LG_LBL" />
                  <cell paramTableColId="FAMILY_USE_COD" value="VENTE" />
                  <cell paramTableColId="FAMILY_GROUP" value="0" />
                  <cell paramTableColId="FAMILY_OFFER_ORDER" />
                  <cell paramTableColId="FAMILY_OFFER_TAG" />
               </occurrence>
            </parameter>
            <parameter>
               <businessKey>
                  <cell paramTableColId="COMPANY_COD" value="00230" />
                  <cell paramTableColId="FAMILY_OFFER_COD" value="F6" />
               </businessKey>
               <occurrence occurStatus="Client" occurStartDate="1970-01-01" lastOccurUpdateDt="2014-03-25" lastOccurUpdateUsrId="admineditor" updateSource=" " occurValidationDate="1969-01-01" occurValidationUsrId="admineditor" timestamp="20201506121727658">
                  <cell paramTableColId="FAMILY_LBL">
                     <label>
                        <ePObjectLbl languageCod="fr">Cartes de débit internationales</ePObjectLbl>
                     </label>
                  </cell>
                  <cell paramTableColId="FAMILY_LG_LBL" />
                  <cell paramTableColId="FAMILY_USE_COD" value="VENTE" />
                  <cell paramTableColId="FAMILY_GROUP" value="0" />
                  <cell paramTableColId="FAMILY_OFFER_ORDER" />
                  <cell paramTableColId="FAMILY_OFFER_TAG" />
               </occurrence>
            </parameter>
            <parameter>
               <businessKey>
                  <cell paramTableColId="COMPANY_COD" value="00230" />
                  <cell paramTableColId="FAMILY_OFFER_COD" value="F7" />
               </businessKey>
               <occurrence occurStatus="Client" occurStartDate="1970-01-01" lastOccurUpdateDt="2014-03-25" lastOccurUpdateUsrId="admineditor" updateSource=" " occurValidationDate="1969-01-01" occurValidationUsrId="admineditor" timestamp="20201506121727658">
                  <cell paramTableColId="FAMILY_LBL">
                     <label>
                        <ePObjectLbl languageCod="fr">Cartes prépayées internationales</ePObjectLbl>
                     </label>
                  </cell>
                  <cell paramTableColId="FAMILY_LG_LBL" />
                  <cell paramTableColId="FAMILY_USE_COD" value="VENTE" />
                  <cell paramTableColId="FAMILY_GROUP" value="0" />
                  <cell paramTableColId="FAMILY_OFFER_ORDER" />
                  <cell paramTableColId="FAMILY_OFFER_TAG" />
               </occurrence>
            </parameter>
            <parameter>
               <businessKey>
                  <cell paramTableColId="COMPANY_COD" value="00230" />
                  <cell paramTableColId="FAMILY_OFFER_COD" value="F8" />
               </businessKey>
               <occurrence occurStatus="Client" occurStartDate="1970-01-01" lastOccurUpdateDt="2014-03-25" lastOccurUpdateUsrId="admineditor" updateSource=" " occurValidationDate="1969-01-01" occurValidationUsrId="admineditor" timestamp="20201506121727658">
                  <cell paramTableColId="FAMILY_LBL">
                     <label>
                        <ePObjectLbl languageCod="fr">Cartes prépayées nationales</ePObjectLbl>
                     </label>
                  </cell>
                  <cell paramTableColId="FAMILY_LG_LBL" />
                  <cell paramTableColId="FAMILY_USE_COD" value="VENTE" />
                  <cell paramTableColId="FAMILY_GROUP" value="0" />
                  <cell paramTableColId="FAMILY_OFFER_ORDER" />
                  <cell paramTableColId="FAMILY_OFFER_TAG" />
               </occurrence>
            </parameter>
            <parameter>
               <businessKey>
                  <cell paramTableColId="COMPANY_COD" value="00230" />
                  <cell paramTableColId="FAMILY_OFFER_COD" value="F9" />
               </businessKey>
               <occurrence occurStatus="Client" occurStartDate="1970-01-01" lastOccurUpdateDt="2014-03-25" lastOccurUpdateUsrId="admineditor" updateSource=" " occurValidationDate="1969-01-01" occurValidationUsrId="admineditor" timestamp="20201506121727658">
                  <cell paramTableColId="FAMILY_LBL">
                     <label>
                        <ePObjectLbl languageCod="fr">Cartes de Crédit</ePObjectLbl>
                     </label>
                  </cell>
                  <cell paramTableColId="FAMILY_LG_LBL" />
                  <cell paramTableColId="FAMILY_USE_COD" value="VENTE" />
                  <cell paramTableColId="FAMILY_GROUP" value="0" />
                  <cell paramTableColId="FAMILY_OFFER_ORDER" />
                  <cell paramTableColId="FAMILY_OFFER_TAG" />
               </occurrence>
            </parameter>
            <parameter>
               <businessKey>
                  <cell paramTableColId="COMPANY_COD" value="00230" />
                  <cell paramTableColId="FAMILY_OFFER_COD" value="G1" />
               </businessKey>
               <occurrence occurStatus="Client" occurStartDate="1970-01-01" lastOccurUpdateDt="2014-03-25" lastOccurUpdateUsrId="admineditor" updateSource=" " occurValidationDate="1969-01-01" occurValidationUsrId="admineditor" timestamp="20201506121727658">
                  <cell paramTableColId="FAMILY_LBL">
                     <label>
                        <ePObjectLbl languageCod="fr">Comptes à Vue</ePObjectLbl>
                     </label>
                  </cell>
                  <cell paramTableColId="FAMILY_LG_LBL" />
                  <cell paramTableColId="FAMILY_USE_COD" value="VENTE" />
                  <cell paramTableColId="FAMILY_GROUP" value="1" />
                  <cell paramTableColId="FAMILY_OFFER_ORDER" />
                  <cell paramTableColId="FAMILY_OFFER_TAG" />
               </occurrence>
            </parameter>
            <parameter>
               <businessKey>
                  <cell paramTableColId="COMPANY_COD" value="00230" />
                  <cell paramTableColId="FAMILY_OFFER_COD" value="G10" />
               </businessKey>
               <occurrence occurStatus="Client" occurStartDate="1970-01-01" lastOccurUpdateDt="2014-08-12" lastOccurUpdateUsrId="adminitg" updateSource=" " occurValidationDate="1969-01-01" occurValidationUsrId="adminitg" timestamp="20201506121727658">
                  <cell paramTableColId="FAMILY_LBL">
                     <label>
                        <ePObjectLbl languageCod="fr">Bancassurance</ePObjectLbl>
                     </label>
                  </cell>
                  <cell paramTableColId="FAMILY_LG_LBL" />
                  <cell paramTableColId="FAMILY_USE_COD" value="VENTE" />
                  <cell paramTableColId="FAMILY_GROUP" value="1" />
                  <cell paramTableColId="FAMILY_OFFER_ORDER" />
                  <cell paramTableColId="FAMILY_OFFER_TAG" />
               </occurrence>
            </parameter>
            <parameter>
               <businessKey>
                  <cell paramTableColId="COMPANY_COD" value="00230" />
                  <cell paramTableColId="FAMILY_OFFER_COD" value="G11" />
               </businessKey>
               <occurrence occurStatus="Client" occurStartDate="1970-01-01" lastOccurUpdateDt="2014-07-10" lastOccurUpdateUsrId="adminitg" updateSource=" " occurValidationDate="1969-01-01" occurValidationUsrId="adminitg" timestamp="20201506121727658">
                  <cell paramTableColId="FAMILY_LBL">
                     <label>
                        <ePObjectLbl languageCod="fr">Dépots à terme</ePObjectLbl>
                     </label>
                  </cell>
                  <cell paramTableColId="FAMILY_LG_LBL" />
                  <cell paramTableColId="FAMILY_USE_COD" value="VENTE" />
                  <cell paramTableColId="FAMILY_GROUP" value="1" />
                  <cell paramTableColId="FAMILY_OFFER_ORDER" />
                  <cell paramTableColId="FAMILY_OFFER_TAG" />
               </occurrence>
            </parameter>
            <parameter>
               <businessKey>
                  <cell paramTableColId="COMPANY_COD" value="00230" />
                  <cell paramTableColId="FAMILY_OFFER_COD" value="G12" />
               </businessKey>
               <occurrence occurStatus="Client" occurStartDate="1970-01-01" lastOccurUpdateDt="2014-07-10" lastOccurUpdateUsrId="adminitg" updateSource=" " occurValidationDate="1969-01-01" occurValidationUsrId="adminitg" timestamp="20201506121727658">
                  <cell paramTableColId="FAMILY_LBL">
                     <label>
                        <ePObjectLbl languageCod="fr">Dotations</ePObjectLbl>
                     </label>
                  </cell>
                  <cell paramTableColId="FAMILY_LG_LBL" />
                  <cell paramTableColId="FAMILY_USE_COD" value="VENTE" />
                  <cell paramTableColId="FAMILY_GROUP" value="1" />
                  <cell paramTableColId="FAMILY_OFFER_ORDER" />
                  <cell paramTableColId="FAMILY_OFFER_TAG" />
               </occurrence>
            </parameter>
            <parameter>
               <businessKey>
                  <cell paramTableColId="COMPANY_COD" value="00230" />
                  <cell paramTableColId="FAMILY_OFFER_COD" value="G13" />
               </businessKey>
               <occurrence occurStatus="Client" occurStartDate="1970-01-01" lastOccurUpdateDt="2015-04-28" lastOccurUpdateUsrId="adminitg" updateSource=" " occurValidationDate="1969-01-01" occurValidationUsrId="adminitg" timestamp="20201506121727658">
                  <cell paramTableColId="FAMILY_LBL">
                     <label>
                        <ePObjectLbl languageCod="fr">Offre multi-produits</ePObjectLbl>
                     </label>
                  </cell>
                  <cell paramTableColId="FAMILY_LG_LBL" />
                  <cell paramTableColId="FAMILY_USE_COD" value="VENTE" />
                  <cell paramTableColId="FAMILY_GROUP" value="1" />
                  <cell paramTableColId="FAMILY_OFFER_ORDER" />
                  <cell paramTableColId="FAMILY_OFFER_TAG" />
               </occurrence>
            </parameter>
            <parameter>
               <businessKey>
                  <cell paramTableColId="COMPANY_COD" value="00230" />
                  <cell paramTableColId="FAMILY_OFFER_COD" value="G14" />
               </businessKey>
               <occurrence occurStatus="Client" occurStartDate="1970-01-01" lastOccurUpdateDt="2015-10-13" lastOccurUpdateUsrId="adminitg" updateSource=" " occurValidationDate="1969-01-01" occurValidationUsrId="adminitg" timestamp="20201506121727658">
                  <cell paramTableColId="FAMILY_LBL">
                     <label>
                        <ePObjectLbl languageCod="fr">Offre Jeune CODE 30</ePObjectLbl>
                     </label>
                  </cell>
                  <cell paramTableColId="FAMILY_LG_LBL" />
                  <cell paramTableColId="FAMILY_USE_COD" value="VENTE" />
                  <cell paramTableColId="FAMILY_GROUP" value="1" />
                  <cell paramTableColId="FAMILY_OFFER_ORDER" />
                  <cell paramTableColId="FAMILY_OFFER_TAG" />
               </occurrence>
            </parameter>
            <parameter>
               <businessKey>
                  <cell paramTableColId="COMPANY_COD" value="00230" />
                  <cell paramTableColId="FAMILY_OFFER_COD" value="G15" />
               </businessKey>
               <occurrence occurStatus="Client" occurStartDate="1970-01-01" lastOccurUpdateDt="2016-11-16" lastOccurUpdateUsrId="admineditor" updateSource=" " occurValidationDate="1969-01-01" occurValidationUsrId="admineditor" timestamp="20201506121727658">
                  <cell paramTableColId="FAMILY_LBL">
                     <label>
                        <ePObjectLbl languageCod="fr">TRESORERIE</ePObjectLbl>
                     </label>
                  </cell>
                  <cell paramTableColId="FAMILY_LG_LBL" />
                  <cell paramTableColId="FAMILY_USE_COD" value="VENTE" />
                  <cell paramTableColId="FAMILY_GROUP" value="1" />
                  <cell paramTableColId="FAMILY_OFFER_ORDER" />
                  <cell paramTableColId="FAMILY_OFFER_TAG" />
               </occurrence>
            </parameter>
            <parameter>
               <businessKey>
                  <cell paramTableColId="COMPANY_COD" value="00230" />
                  <cell paramTableColId="FAMILY_OFFER_COD" value="G16" />
               </businessKey>
               <occurrence occurStatus="Client" occurStartDate="1970-01-01" lastOccurUpdateDt="2017-01-11" lastOccurUpdateUsrId="admineditor" updateSource=" " occurValidationDate="1969-01-01" occurValidationUsrId="admineditor" timestamp="20201506121727658">
                  <cell paramTableColId="FAMILY_LBL">
                     <label>
                        <ePObjectLbl languageCod="fr">Offre CODE 18</ePObjectLbl>
                     </label>
                  </cell>
                  <cell paramTableColId="FAMILY_LG_LBL" />
                  <cell paramTableColId="FAMILY_USE_COD" value="VENTE" />
                  <cell paramTableColId="FAMILY_GROUP" value="1" />
                  <cell paramTableColId="FAMILY_OFFER_ORDER" />
                  <cell paramTableColId="FAMILY_OFFER_TAG" />
               </occurrence>
            </parameter>
            <parameter>
               <businessKey>
                  <cell paramTableColId="COMPANY_COD" value="00230" />
                  <cell paramTableColId="FAMILY_OFFER_COD" value="G17" />
               </businessKey>
               <occurrence occurStatus="Client" occurStartDate="1970-01-01" lastOccurUpdateDt="2017-03-30" lastOccurUpdateUsrId="admineditor" updateSource=" " occurValidationDate="1969-01-01" occurValidationUsrId="admineditor" timestamp="20201506121727658">
                  <cell paramTableColId="FAMILY_LBL">
                     <label>
                        <ePObjectLbl languageCod="fr">Coffre fort</ePObjectLbl>
                     </label>
                  </cell>
                  <cell paramTableColId="FAMILY_LG_LBL" />
                  <cell paramTableColId="FAMILY_USE_COD" value="VENTE" />
                  <cell paramTableColId="FAMILY_GROUP" value="1" />
                  <cell paramTableColId="FAMILY_OFFER_ORDER" />
                  <cell paramTableColId="FAMILY_OFFER_TAG" />
               </occurrence>
            </parameter>
            <parameter>
               <businessKey>
                  <cell paramTableColId="COMPANY_COD" value="00230" />
                  <cell paramTableColId="FAMILY_OFFER_COD" value="G18" />
               </businessKey>
               <occurrence occurStatus="Client" occurStartDate="1970-01-01" lastOccurUpdateDt="2017-11-21" lastOccurUpdateUsrId="admineditor" updateSource=" " occurValidationDate="1969-01-01" occurValidationUsrId="admineditor" timestamp="20201506121727658">
                  <cell paramTableColId="FAMILY_LBL">
                     <label>
                        <ePObjectLbl languageCod="fr">Services RCAR</ePObjectLbl>
                     </label>
                  </cell>
                  <cell paramTableColId="FAMILY_LG_LBL" />
                  <cell paramTableColId="FAMILY_USE_COD" value="VENTE" />
                  <cell paramTableColId="FAMILY_GROUP" value="1" />
                  <cell paramTableColId="FAMILY_OFFER_ORDER" />
                  <cell paramTableColId="FAMILY_OFFER_TAG" />
               </occurrence>
            </parameter>
            <parameter>
               <businessKey>
                  <cell paramTableColId="COMPANY_COD" value="00230" />
                  <cell paramTableColId="FAMILY_OFFER_COD" value="G19" />
               </businessKey>
               <occurrence occurStatus="Client" occurStartDate="1970-01-01" lastOccurUpdateDt="2018-02-06" lastOccurUpdateUsrId="admineditor" updateSource=" " occurValidationDate="1969-01-01" occurValidationUsrId="admineditor" timestamp="20201506121727658">
                  <cell paramTableColId="FAMILY_LBL">
                     <label>
                        <ePObjectLbl languageCod="fr">Wallet</ePObjectLbl>
                     </label>
                  </cell>
                  <cell paramTableColId="FAMILY_LG_LBL" />
                  <cell paramTableColId="FAMILY_USE_COD" value="VENTE" />
                  <cell paramTableColId="FAMILY_GROUP" value="1" />
                  <cell paramTableColId="FAMILY_OFFER_ORDER" />
                  <cell paramTableColId="FAMILY_OFFER_TAG" />
               </occurrence>
            </parameter>
            <parameter>
               <businessKey>
                  <cell paramTableColId="COMPANY_COD" value="00230" />
                  <cell paramTableColId="FAMILY_OFFER_COD" value="G2" />
               </businessKey>
               <occurrence occurStatus="Client" occurStartDate="1970-01-01" lastOccurUpdateDt="2014-03-25" lastOccurUpdateUsrId="admineditor" updateSource=" " occurValidationDate="1969-01-01" occurValidationUsrId="admineditor" timestamp="20201506121727658">
                  <cell paramTableColId="FAMILY_LBL">
                     <label>
                        <ePObjectLbl languageCod="fr">Monétique</ePObjectLbl>
                     </label>
                  </cell>
                  <cell paramTableColId="FAMILY_LG_LBL" />
                  <cell paramTableColId="FAMILY_USE_COD" value="VENTE" />
                  <cell paramTableColId="FAMILY_GROUP" value="1" />
                  <cell paramTableColId="FAMILY_OFFER_ORDER" />
                  <cell paramTableColId="FAMILY_OFFER_TAG" />
               </occurrence>
            </parameter>
            <parameter>
               <businessKey>
                  <cell paramTableColId="COMPANY_COD" value="00230" />
                  <cell paramTableColId="FAMILY_OFFER_COD" value="G20" />
               </businessKey>
               <occurrence occurStatus="Client" occurStartDate="1970-01-01" lastOccurUpdateDt="2018-03-06" lastOccurUpdateUsrId="admineditor" updateSource=" " occurValidationDate="1969-01-01" occurValidationUsrId="admineditor" timestamp="20201506121727658">
                  <cell paramTableColId="FAMILY_LBL">
                     <label>
                        <ePObjectLbl languageCod="fr">CLUB SAYIDATI PART</ePObjectLbl>
                     </label>
                  </cell>
                  <cell paramTableColId="FAMILY_LG_LBL" />
                  <cell paramTableColId="FAMILY_USE_COD" value="VENTE" />
                  <cell paramTableColId="FAMILY_GROUP" value="0" />
                  <cell paramTableColId="FAMILY_OFFER_ORDER" />
                  <cell paramTableColId="FAMILY_OFFER_TAG" />
               </occurrence>
            </parameter>
            <parameter>
               <businessKey>
                  <cell paramTableColId="COMPANY_COD" value="00230" />
                  <cell paramTableColId="FAMILY_OFFER_COD" value="G21" />
               </businessKey>
               <occurrence occurStatus="Client" occurStartDate="1970-01-01" lastOccurUpdateDt="2018-03-06" lastOccurUpdateUsrId="admineditor" updateSource=" " occurValidationDate="1969-01-01" occurValidationUsrId="admineditor" timestamp="20201506121727658">
                  <cell paramTableColId="FAMILY_LBL">
                     <label>
                        <ePObjectLbl languageCod="fr">CLUB SAYIDATI PRO</ePObjectLbl>
                     </label>
                  </cell>
                  <cell paramTableColId="FAMILY_LG_LBL" />
                  <cell paramTableColId="FAMILY_USE_COD" value="VENTE" />
                  <cell paramTableColId="FAMILY_GROUP" value="0" />
                  <cell paramTableColId="FAMILY_OFFER_ORDER" />
                  <cell paramTableColId="FAMILY_OFFER_TAG" />
               </occurrence>
            </parameter>
            <parameter>
               <businessKey>
                  <cell paramTableColId="COMPANY_COD" value="00230" />
                  <cell paramTableColId="FAMILY_OFFER_COD" value="G22" />
               </businessKey>
               <occurrence occurStatus="Client" occurStartDate="1970-01-01" lastOccurUpdateDt="2018-07-18" lastOccurUpdateUsrId="admineditor" updateSource=" " occurValidationDate="1969-01-01" occurValidationUsrId="admineditor" timestamp="20201506121727658">
                  <cell paramTableColId="FAMILY_LBL">
                     <label>
                        <ePObjectLbl languageCod="fr">Offre DUO</ePObjectLbl>
                     </label>
                  </cell>
                  <cell paramTableColId="FAMILY_LG_LBL" />
                  <cell paramTableColId="FAMILY_USE_COD" value="VENTE" />
                  <cell paramTableColId="FAMILY_GROUP" value="1" />
                  <cell paramTableColId="FAMILY_OFFER_ORDER" />
                  <cell paramTableColId="FAMILY_OFFER_TAG" />
               </occurrence>
            </parameter>
            <parameter>
               <businessKey>
                  <cell paramTableColId="COMPANY_COD" value="00230" />
                  <cell paramTableColId="FAMILY_OFFER_COD" value="G23" />
               </businessKey>
               <occurrence occurStatus="Client" occurStartDate="1970-01-01" lastOccurUpdateDt="2018-11-28" lastOccurUpdateUsrId="admineditor" updateSource=" " occurValidationDate="1969-01-01" occurValidationUsrId="admineditor" timestamp="20201506121727658">
                  <cell paramTableColId="FAMILY_LBL">
                     <label>
                        <ePObjectLbl languageCod="fr">Offre ASSASS PRO</ePObjectLbl>
                     </label>
                  </cell>
                  <cell paramTableColId="FAMILY_LG_LBL" />
                  <cell paramTableColId="FAMILY_USE_COD" value="VENTE" />
                  <cell paramTableColId="FAMILY_GROUP" value="1" />
                  <cell paramTableColId="FAMILY_OFFER_ORDER" />
                  <cell paramTableColId="FAMILY_OFFER_TAG" />
               </occurrence>
            </parameter>
            <parameter>
               <businessKey>
                  <cell paramTableColId="COMPANY_COD" value="00230" />
                  <cell paramTableColId="FAMILY_OFFER_COD" value="G24" />
               </businessKey>
               <occurrence occurStatus="Client" occurStartDate="1970-01-01" lastOccurUpdateDt="2019-04-15" lastOccurUpdateUsrId="admineditor" updateSource=" " occurValidationDate="1969-01-01" occurValidationUsrId="admineditor" timestamp="20201506121727658">
                  <cell paramTableColId="FAMILY_LBL">
                     <label>
                        <ePObjectLbl languageCod="fr">MOYENS DE PAIEMENT</ePObjectLbl>
                     </label>
                  </cell>
                  <cell paramTableColId="FAMILY_LG_LBL" />
                  <cell paramTableColId="FAMILY_USE_COD" value="VENTE" />
                  <cell paramTableColId="FAMILY_GROUP" value="1" />
                  <cell paramTableColId="FAMILY_OFFER_ORDER" />
                  <cell paramTableColId="FAMILY_OFFER_TAG" />
               </occurrence>
            </parameter>
            <parameter>
               <businessKey>
                  <cell paramTableColId="COMPANY_COD" value="00230" />
                  <cell paramTableColId="FAMILY_OFFER_COD" value="G25" />
               </businessKey>
               <occurrence occurStatus="Client" occurStartDate="1970-01-01" lastOccurUpdateDt="2019-04-15" lastOccurUpdateUsrId="admineditor" updateSource=" " occurValidationDate="1969-01-01" occurValidationUsrId="admineditor" timestamp="20201506121727658">
                  <cell paramTableColId="FAMILY_LBL">
                     <label>
                        <ePObjectLbl languageCod="fr">Offre PRO PRIVE</ePObjectLbl>
                     </label>
                  </cell>
                  <cell paramTableColId="FAMILY_LG_LBL" />
                  <cell paramTableColId="FAMILY_USE_COD" value="VENTE" />
                  <cell paramTableColId="FAMILY_GROUP" value="1" />
                  <cell paramTableColId="FAMILY_OFFER_ORDER" />
                  <cell paramTableColId="FAMILY_OFFER_TAG" />
               </occurrence>
            </parameter>
            <parameter>
               <businessKey>
                  <cell paramTableColId="COMPANY_COD" value="00230" />
                  <cell paramTableColId="FAMILY_OFFER_COD" value="G26" />
               </businessKey>
               <occurrence occurStatus="Client" occurStartDate="1970-01-01" lastOccurUpdateDt="2019-04-15" lastOccurUpdateUsrId="admineditor" updateSource=" " occurValidationDate="1969-01-01" occurValidationUsrId="admineditor" timestamp="20201506121727658">
                  <cell paramTableColId="FAMILY_LBL">
                     <label>
                        <ePObjectLbl languageCod="fr">Offre RAHA PRO</ePObjectLbl>
                     </label>
                  </cell>
                  <cell paramTableColId="FAMILY_LG_LBL" />
                  <cell paramTableColId="FAMILY_USE_COD" value="VENTE" />
                  <cell paramTableColId="FAMILY_GROUP" value="0" />
                  <cell paramTableColId="FAMILY_OFFER_ORDER" />
                  <cell paramTableColId="FAMILY_OFFER_TAG" />
               </occurrence>
            </parameter>
            <parameter>
               <businessKey>
                  <cell paramTableColId="COMPANY_COD" value="00230" />
                  <cell paramTableColId="FAMILY_OFFER_COD" value="G27" />
               </businessKey>
               <occurrence occurStatus="Client" occurStartDate="1970-01-01" lastOccurUpdateDt="2019-04-12" lastOccurUpdateUsrId="admineditor" updateSource=" " occurValidationDate="1969-01-01" occurValidationUsrId="admineditor" timestamp="20201506121727658">
                  <cell paramTableColId="FAMILY_LBL">
                     <label>
                        <ePObjectLbl languageCod="fr">Offre ATTARIK PRO</ePObjectLbl>
                     </label>
                  </cell>
                  <cell paramTableColId="FAMILY_LG_LBL" />
                  <cell paramTableColId="FAMILY_USE_COD" value="VENTE" />
                  <cell paramTableColId="FAMILY_GROUP" value="1" />
                  <cell paramTableColId="FAMILY_OFFER_ORDER" />
                  <cell paramTableColId="FAMILY_OFFER_TAG" />
               </occurrence>
            </parameter>
            <parameter>
               <businessKey>
                  <cell paramTableColId="COMPANY_COD" value="00230" />
                  <cell paramTableColId="FAMILY_OFFER_COD" value="G28" />
               </businessKey>
               <occurrence occurStatus="Client" occurStartDate="1970-01-01" lastOccurUpdateDt="2019-10-27" lastOccurUpdateUsrId="admineditor" updateSource=" " occurValidationDate="1969-01-01" occurValidationUsrId="admineditor" timestamp="20201506121727658">
                  <cell paramTableColId="FAMILY_LBL">
                     <label>
                        <ePObjectLbl languageCod="fr">Offre Fonctionnaire</ePObjectLbl>
                     </label>
                  </cell>
                  <cell paramTableColId="FAMILY_LG_LBL" />
                  <cell paramTableColId="FAMILY_USE_COD" value="VENTE" />
                  <cell paramTableColId="FAMILY_GROUP" value="1" />
                  <cell paramTableColId="FAMILY_OFFER_ORDER" />
                  <cell paramTableColId="FAMILY_OFFER_TAG" />
               </occurrence>
            </parameter>
            <parameter>
               <businessKey>
                  <cell paramTableColId="COMPANY_COD" value="00230" />
                  <cell paramTableColId="FAMILY_OFFER_COD" value="G29" />
               </businessKey>
               <occurrence occurStatus="Client" occurStartDate="1970-01-01" lastOccurUpdateDt="2019-11-01" lastOccurUpdateUsrId="admineditor" updateSource=" " occurValidationDate="1969-01-01" occurValidationUsrId="admineditor" timestamp="20201506121727658">
                  <cell paramTableColId="FAMILY_LBL">
                     <label>
                        <ePObjectLbl languageCod="fr">Offre Fonctionnaire Conjoint</ePObjectLbl>
                     </label>
                  </cell>
                  <cell paramTableColId="FAMILY_LG_LBL" />
                  <cell paramTableColId="FAMILY_USE_COD" value="VENTE" />
                  <cell paramTableColId="FAMILY_GROUP" value="1" />
                  <cell paramTableColId="FAMILY_OFFER_ORDER" />
                  <cell paramTableColId="FAMILY_OFFER_TAG" />
               </occurrence>
            </parameter>
            <parameter>
               <businessKey>
                  <cell paramTableColId="COMPANY_COD" value="00230" />
                  <cell paramTableColId="FAMILY_OFFER_COD" value="G3" />
               </businessKey>
               <occurrence occurStatus="Client" occurStartDate="1970-01-01" lastOccurUpdateDt="2014-03-25" lastOccurUpdateUsrId="admineditor" updateSource=" " occurValidationDate="1969-01-01" occurValidationUsrId="admineditor" timestamp="20201506121727658">
                  <cell paramTableColId="FAMILY_LBL">
                     <label>
                        <ePObjectLbl languageCod="fr">Epargne</ePObjectLbl>
                     </label>
                  </cell>
                  <cell paramTableColId="FAMILY_LG_LBL" />
                  <cell paramTableColId="FAMILY_USE_COD" value="VENTE" />
                  <cell paramTableColId="FAMILY_GROUP" value="1" />
                  <cell paramTableColId="FAMILY_OFFER_ORDER" />
                  <cell paramTableColId="FAMILY_OFFER_TAG" />
               </occurrence>
            </parameter>
            <parameter>
               <businessKey>
                  <cell paramTableColId="COMPANY_COD" value="00230" />
                  <cell paramTableColId="FAMILY_OFFER_COD" value="G30" />
               </businessKey>
               <occurrence occurStatus="Client" occurStartDate="1970-01-01" lastOccurUpdateDt="2020-01-12" lastOccurUpdateUsrId="admineditor" updateSource=" " occurValidationDate="1969-01-01" occurValidationUsrId="admineditor" timestamp="20201506121727658">
                  <cell paramTableColId="FAMILY_LBL">
                     <label>
                        <ePObjectLbl languageCod="fr">Offre Intilak Moukaouil</ePObjectLbl>
                     </label>
                  </cell>
                  <cell paramTableColId="FAMILY_LG_LBL" />
                  <cell paramTableColId="FAMILY_USE_COD" value="VENTE" />
                  <cell paramTableColId="FAMILY_GROUP" value="1" />
                  <cell paramTableColId="FAMILY_OFFER_ORDER" />
                  <cell paramTableColId="FAMILY_OFFER_TAG" />
               </occurrence>
            </parameter>
            <parameter>
               <businessKey>
                  <cell paramTableColId="COMPANY_COD" value="00230" />
                  <cell paramTableColId="FAMILY_OFFER_COD" value="G4" />
               </businessKey>
               <occurrence occurStatus="Client" occurStartDate="1970-01-01" lastOccurUpdateDt="2014-03-25" lastOccurUpdateUsrId="admineditor" updateSource=" " occurValidationDate="1969-01-01" occurValidationUsrId="admineditor" timestamp="20201506121727658">
                  <cell paramTableColId="FAMILY_LBL">
                     <label>
                        <ePObjectLbl languageCod="fr">Comptes Réglementés</ePObjectLbl>
                     </label>
                  </cell>
                  <cell paramTableColId="FAMILY_LG_LBL" />
                  <cell paramTableColId="FAMILY_USE_COD" value="VENTE" />
                  <cell paramTableColId="FAMILY_GROUP" value="1" />
                  <cell paramTableColId="FAMILY_OFFER_ORDER" />
                  <cell paramTableColId="FAMILY_OFFER_TAG" />
               </occurrence>
            </parameter>
            <parameter>
               <businessKey>
                  <cell paramTableColId="COMPANY_COD" value="00230" />
                  <cell paramTableColId="FAMILY_OFFER_COD" value="G5" />
               </businessKey>
               <occurrence occurStatus="Client" occurStartDate="1970-01-01" lastOccurUpdateDt="2014-03-25" lastOccurUpdateUsrId="admineditor" updateSource=" " occurValidationDate="1969-01-01" occurValidationUsrId="admineditor" timestamp="20201506121727658">
                  <cell paramTableColId="FAMILY_LBL">
                     <label>
                        <ePObjectLbl languageCod="fr">Comptes Correspondants</ePObjectLbl>
                     </label>
                  </cell>
                  <cell paramTableColId="FAMILY_LG_LBL" />
                  <cell paramTableColId="FAMILY_USE_COD" value="VENTE" />
                  <cell paramTableColId="FAMILY_GROUP" value="1" />
                  <cell paramTableColId="FAMILY_OFFER_ORDER" />
                  <cell paramTableColId="FAMILY_OFFER_TAG" />
               </occurrence>
            </parameter>
            <parameter>
               <businessKey>
                  <cell paramTableColId="COMPANY_COD" value="00230" />
                  <cell paramTableColId="FAMILY_OFFER_COD" value="G6" />
               </businessKey>
               <occurrence occurStatus="Client" occurStartDate="1970-01-01" lastOccurUpdateDt="2014-03-25" lastOccurUpdateUsrId="admineditor" updateSource=" " occurValidationDate="1969-01-01" occurValidationUsrId="admineditor" timestamp="20201506121727658">
                  <cell paramTableColId="FAMILY_LBL">
                     <label>
                        <ePObjectLbl languageCod="fr">Compte Spécial</ePObjectLbl>
                     </label>
                  </cell>
                  <cell paramTableColId="FAMILY_LG_LBL" />
                  <cell paramTableColId="FAMILY_USE_COD" value="VENTE" />
                  <cell paramTableColId="FAMILY_GROUP" value="1" />
                  <cell paramTableColId="FAMILY_OFFER_ORDER" />
                  <cell paramTableColId="FAMILY_OFFER_TAG" />
               </occurrence>
            </parameter>
            <parameter>
               <businessKey>
                  <cell paramTableColId="COMPANY_COD" value="00230" />
                  <cell paramTableColId="FAMILY_OFFER_COD" value="G7" />
               </businessKey>
               <occurrence occurStatus="Client" occurStartDate="1970-01-01" lastOccurUpdateDt="2014-03-25" lastOccurUpdateUsrId="admineditor" updateSource=" " occurValidationDate="1969-01-01" occurValidationUsrId="admineditor" timestamp="20201506121727658">
                  <cell paramTableColId="FAMILY_LBL">
                     <label>
                        <ePObjectLbl languageCod="fr">Crédit</ePObjectLbl>
                     </label>
                  </cell>
                  <cell paramTableColId="FAMILY_LG_LBL" />
                  <cell paramTableColId="FAMILY_USE_COD" value="VENTE" />
                  <cell paramTableColId="FAMILY_GROUP" value="1" />
                  <cell paramTableColId="FAMILY_OFFER_ORDER" />
                  <cell paramTableColId="FAMILY_OFFER_TAG" />
               </occurrence>
            </parameter>
            <parameter>
               <businessKey>
                  <cell paramTableColId="COMPANY_COD" value="00230" />
                  <cell paramTableColId="FAMILY_OFFER_COD" value="G8" />
               </businessKey>
               <occurrence occurStatus="Client" occurStartDate="1970-01-01" lastOccurUpdateDt="2014-06-20" lastOccurUpdateUsrId="admineditor" updateSource=" " occurValidationDate="1969-01-01" occurValidationUsrId="admineditor" timestamp="20201506121727658">
                  <cell paramTableColId="FAMILY_LBL">
                     <label>
                        <ePObjectLbl languageCod="fr">Package</ePObjectLbl>
                     </label>
                  </cell>
                  <cell paramTableColId="FAMILY_LG_LBL" />
                  <cell paramTableColId="FAMILY_USE_COD" value="VENTE" />
                  <cell paramTableColId="FAMILY_GROUP" value="1" />
                  <cell paramTableColId="FAMILY_OFFER_ORDER" />
                  <cell paramTableColId="FAMILY_OFFER_TAG" />
               </occurrence>
            </parameter>
            <parameter>
               <businessKey>
                  <cell paramTableColId="COMPANY_COD" value="00230" />
                  <cell paramTableColId="FAMILY_OFFER_COD" value="G9" />
               </businessKey>
               <occurrence occurStatus="Client" occurStartDate="1970-01-01" lastOccurUpdateDt="2014-07-10" lastOccurUpdateUsrId="adminitg" updateSource=" " occurValidationDate="1969-01-01" occurValidationUsrId="adminitg" timestamp="20201506121727658">
                  <cell paramTableColId="FAMILY_LBL">
                     <label>
                        <ePObjectLbl languageCod="fr">Banque à distance</ePObjectLbl>
                     </label>
                  </cell>
                  <cell paramTableColId="FAMILY_LG_LBL" />
                  <cell paramTableColId="FAMILY_USE_COD" value="VENTE" />
                  <cell paramTableColId="FAMILY_GROUP" value="1" />
                  <cell paramTableColId="FAMILY_OFFER_ORDER" />
                  <cell paramTableColId="FAMILY_OFFER_TAG" />
               </occurrence>
            </parameter>

         </content>
      </table>
 
   </EP>
</import>

