<?xml version="1.0" encoding="UTF-8"?>
<import date="2018-09-01" source="export">
   <EP>
    <table paramTableId="CATALOG_FAMILY_USE" paramDomainId="CATALOG" paramTableStatus="Publisher" clientOccAllowedParamTableInd="1" paramTableScope="Company" monoCurParamTableInd="0" unversionedParamTableInd="0" extParamTableInd="0" autoIncrParamTableInd="0" mode="global" exportId=" " lastParamTableExportDt="2018-09-01" timestamp="20201506121727658">
         <label>
            <ePObjectLbl languageCod="fr">usage des familles</ePObjectLbl>
            <ePObjectLbl languageCod="en">family use</ePObjectLbl>
         </label>
         
         <content>
            <parameter>
               <businessKey>
                  <cell paramTableColId="COMPANY_COD" value="00230" />
                  <cell paramTableColId="FAMILY_USE_COD" value="VENTE" />
               </businessKey>
               <occurrence occurStatus="Client" occurStartDate="1970-01-01" lastOccurUpdateDt="2013-05-29" lastOccurUpdateUsrId="ADMINITG" updateSource=" " occurValidationDate="1970-01-01" timestamp="20201506121727658">
                  <cell paramTableColId="FAMILY_USE_LBL">
                     <label>
                        <ePObjectLbl languageCod="fr">Classification Vente</ePObjectLbl>
                     </label>
                  </cell>
               </occurrence>
            </parameter>
       
         </content>
      </table>
 
   </EP>
</import>

