<?xml version="1.0" encoding="UTF-8"?>
<import date="2018-09-01" source="export">
   <EP>
      <table paramTableId="CATALOG_TRANSAC_NATURE" paramDomainId="CATALOG" paramTableStatus="Publisher" clientOccAllowedParamTableInd="1" paramTableScope="Company" monoCurParamTableInd="0" unversionedParamTableInd="0" extParamTableInd="0" autoIncrParamTableInd="0" mode="global" exportId=" " lastParamTableExportDt="2018-09-01" timestamp="20203103203546639">
         <label>
            <ePObjectLbl languageCod="fr">nature d'opérations</ePObjectLbl>
            <ePObjectLbl languageCod="en">transaction nature</ePObjectLbl>
         </label>
         <content>
            <parameter>
               <businessKey>
                  <cell paramTableColId="COMPANY_COD" value="00230" />
                  <cell paramTableColId="TRANSAC_NATURE_COD" value="APVBC" />
               </businessKey>
               <occurrence occurStatus="Client" occurStartDate="1970-01-01" lastOccurUpdateDt="2020-03-31" lastOccurUpdateUsrId="admin" updateSource=" " occurValidationDate="2018-09-01" occurValidationUsrId="admin" timestamp="20203103203546639">
                  <cell paramTableColId="TRANSAC_NATURE_LBL">
                     <label>
                        <ePObjectLbl languageCod="fr">Après vente Bancassurance</ePObjectLbl>
                     </label>
                  </cell>
                  <cell paramTableColId="TRANSAC_NATURE_TYPE_COD" value="APVTE" />
               </occurrence>
            </parameter>
			<parameter>
               <businessKey>
                  <cell paramTableColId="COMPANY_COD" value="00230" />
                  <cell paramTableColId="TRANSAC_NATURE_COD" value="APVBE" />
               </businessKey>
               <occurrence occurStatus="Client" occurStartDate="1970-01-01" lastOccurUpdateDt="2020-03-31" lastOccurUpdateUsrId="admin" updateSource=" " occurValidationDate="2018-09-01" occurValidationUsrId="admin" timestamp="20203103203546639">
                  <cell paramTableColId="TRANSAC_NATURE_LBL">
                     <label>
                        <ePObjectLbl languageCod="fr">Après vente Bancassurance Epargne</ePObjectLbl>
                     </label>
                  </cell>
                  <cell paramTableColId="TRANSAC_NATURE_TYPE_COD" value="APVTE" />
               </occurrence>
            </parameter>
			<parameter>
               <businessKey>
                  <cell paramTableColId="COMPANY_COD" value="00230" />
                  <cell paramTableColId="TRANSAC_NATURE_COD" value="APVCF" />
               </businessKey>
               <occurrence occurStatus="Client" occurStartDate="1970-01-01" lastOccurUpdateDt="2020-03-31" lastOccurUpdateUsrId="admin" updateSource=" " occurValidationDate="2018-09-01" occurValidationUsrId="admin" timestamp="20203103203546639">
                  <cell paramTableColId="TRANSAC_NATURE_LBL">
                     <label>
                        <ePObjectLbl languageCod="fr">Après vente Coffre Fort</ePObjectLbl>
                     </label>
                  </cell>
                  <cell paramTableColId="TRANSAC_NATURE_TYPE_COD" value="APVTE" />
               </occurrence>
            </parameter>
			<parameter>
               <businessKey>
                  <cell paramTableColId="COMPANY_COD" value="00230" />
                  <cell paramTableColId="TRANSAC_NATURE_COD" value="APVCO" />
               </businessKey>
               <occurrence occurStatus="Client" occurStartDate="1970-01-01" lastOccurUpdateDt="2020-03-31" lastOccurUpdateUsrId="admin" updateSource=" " occurValidationDate="2018-09-01" occurValidationUsrId="admin" timestamp="20203103203546639">
                  <cell paramTableColId="TRANSAC_NATURE_LBL">
                     <label>
                        <ePObjectLbl languageCod="fr">Après vente CIHONLINE</ePObjectLbl>
                     </label>
                  </cell>
                  <cell paramTableColId="TRANSAC_NATURE_TYPE_COD" value="APVTE" />
               </occurrence>
            </parameter>
			<parameter>
               <businessKey>
                  <cell paramTableColId="COMPANY_COD" value="00230" />
                  <cell paramTableColId="TRANSAC_NATURE_COD" value="APVCP" />
               </businessKey>
               <occurrence occurStatus="Client" occurStartDate="1970-01-01" lastOccurUpdateDt="2020-03-31" lastOccurUpdateUsrId="admin" updateSource=" " occurValidationDate="2018-09-01" occurValidationUsrId="admin" timestamp="20203103203546639">
                  <cell paramTableColId="TRANSAC_NATURE_LBL">
                     <label>
                        <ePObjectLbl languageCod="fr">Après vente Compte</ePObjectLbl>
                     </label>
                  </cell>
                  <cell paramTableColId="TRANSAC_NATURE_TYPE_COD" value="APVTE" />
               </occurrence>
            </parameter>
			<parameter>
               <businessKey>
                  <cell paramTableColId="COMPANY_COD" value="00230" />
                  <cell paramTableColId="TRANSAC_NATURE_COD" value="APVCR" />
               </businessKey>
               <occurrence occurStatus="Client" occurStartDate="1970-01-01" lastOccurUpdateDt="2020-03-31" lastOccurUpdateUsrId="admin" updateSource=" " occurValidationDate="2018-09-01" occurValidationUsrId="admin" timestamp="20203103203546639">
                  <cell paramTableColId="TRANSAC_NATURE_LBL">
                     <label>
                        <ePObjectLbl languageCod="fr">Après vente Carte</ePObjectLbl>
                     </label>
                  </cell>
                  <cell paramTableColId="TRANSAC_NATURE_TYPE_COD" value="APVTE" />
               </occurrence>
            </parameter>
			<parameter>
               <businessKey>
                  <cell paramTableColId="COMPANY_COD" value="00230" />
                  <cell paramTableColId="TRANSAC_NATURE_COD" value="APVDT" />
               </businessKey>
               <occurrence occurStatus="Client" occurStartDate="1970-01-01" lastOccurUpdateDt="2020-03-31" lastOccurUpdateUsrId="admin" updateSource=" " occurValidationDate="2018-09-01" occurValidationUsrId="admin" timestamp="20203103203546639">
                  <cell paramTableColId="TRANSAC_NATURE_LBL">
                     <label>
                        <ePObjectLbl languageCod="fr">Après vente ADT</ePObjectLbl>
                     </label>
                  </cell>
                  <cell paramTableColId="TRANSAC_NATURE_TYPE_COD" value="APVTE" />
               </occurrence>
            </parameter>
			<parameter>
               <businessKey>
                  <cell paramTableColId="COMPANY_COD" value="00230" />
                  <cell paramTableColId="TRANSAC_NATURE_COD" value="APVEB" />
               </businessKey>
               <occurrence occurStatus="Client" occurStartDate="1970-01-01" lastOccurUpdateDt="2020-03-31" lastOccurUpdateUsrId="admin" updateSource=" " occurValidationDate="2018-09-01" occurValidationUsrId="admin" timestamp="20203103203546639">
                  <cell paramTableColId="TRANSAC_NATURE_LBL">
                     <label>
                        <ePObjectLbl languageCod="fr">Après vente ETEBAC</ePObjectLbl>
                     </label>
                  </cell>
                  <cell paramTableColId="TRANSAC_NATURE_TYPE_COD" value="APVTE" />
               </occurrence>
            </parameter>
			<parameter>
               <businessKey>
                  <cell paramTableColId="COMPANY_COD" value="00230" />
                  <cell paramTableColId="TRANSAC_NATURE_COD" value="APVEP" />
               </businessKey>
               <occurrence occurStatus="Client" occurStartDate="1970-01-01" lastOccurUpdateDt="2020-03-31" lastOccurUpdateUsrId="admin" updateSource=" " occurValidationDate="2018-09-01" occurValidationUsrId="admin" timestamp="20203103203546639">
                  <cell paramTableColId="TRANSAC_NATURE_LBL">
                     <label>
                        <ePObjectLbl languageCod="fr">Après vente Epargne</ePObjectLbl>
                     </label>
                  </cell>
                  <cell paramTableColId="TRANSAC_NATURE_TYPE_COD" value="APVTE" />
               </occurrence>
            </parameter>
			<parameter>
               <businessKey>
                  <cell paramTableColId="COMPANY_COD" value="00230" />
                  <cell paramTableColId="TRANSAC_NATURE_COD" value="APVOV" />
               </businessKey>
               <occurrence occurStatus="Client" occurStartDate="1970-01-01" lastOccurUpdateDt="2020-03-31" lastOccurUpdateUsrId="admin" updateSource=" " occurValidationDate="2018-09-01" occurValidationUsrId="admin" timestamp="20203103203546639">
                  <cell paramTableColId="TRANSAC_NATURE_LBL">
                     <label>
                        <ePObjectLbl languageCod="fr">Après vente OVP</ePObjectLbl>
                     </label>
                  </cell>
                  <cell paramTableColId="TRANSAC_NATURE_TYPE_COD" value="APVTE" />
               </occurrence>
            </parameter>
			<parameter>
               <businessKey>
                  <cell paramTableColId="COMPANY_COD" value="00230" />
                  <cell paramTableColId="TRANSAC_NATURE_COD" value="APVPD" />
               </businessKey>
               <occurrence occurStatus="Client" occurStartDate="1970-01-01" lastOccurUpdateDt="2020-03-31" lastOccurUpdateUsrId="admin" updateSource=" " occurValidationDate="2018-09-01" occurValidationUsrId="admin" timestamp="20203103203546639">
                  <cell paramTableColId="TRANSAC_NATURE_LBL">
                     <label>
                        <ePObjectLbl languageCod="fr">Après vente DAT</ePObjectLbl>
                     </label>
                  </cell>
                  <cell paramTableColId="TRANSAC_NATURE_TYPE_COD" value="APVTE" />
               </occurrence>
            </parameter>
			<parameter>
               <businessKey>
                  <cell paramTableColId="COMPANY_COD" value="00230" />
                  <cell paramTableColId="TRANSAC_NATURE_COD" value="APVPO" />
               </businessKey>
               <occurrence occurStatus="Client" occurStartDate="1970-01-01" lastOccurUpdateDt="2020-03-31" lastOccurUpdateUsrId="admin" updateSource=" " occurValidationDate="2018-09-01" occurValidationUsrId="admin" timestamp="20203103203546639">
                  <cell paramTableColId="TRANSAC_NATURE_LBL">
                     <label>
                        <ePObjectLbl languageCod="fr">Après vente Cash Pooling</ePObjectLbl>
                     </label>
                  </cell>
                  <cell paramTableColId="TRANSAC_NATURE_TYPE_COD" value="APVTE" />
               </occurrence>
            </parameter>
			<parameter>
               <businessKey>
                  <cell paramTableColId="COMPANY_COD" value="00230" />
                  <cell paramTableColId="TRANSAC_NATURE_COD" value="APVPR" />
               </businessKey>
               <occurrence occurStatus="Client" occurStartDate="1970-01-01" lastOccurUpdateDt="2020-03-31" lastOccurUpdateUsrId="admin" updateSource=" " occurValidationDate="2018-09-01" occurValidationUsrId="admin" timestamp="20203103203546639">
                  <cell paramTableColId="TRANSAC_NATURE_LBL">
                     <label>
                        <ePObjectLbl languageCod="fr">Après vente Produit</ePObjectLbl>
                     </label>
                  </cell>
                  <cell paramTableColId="TRANSAC_NATURE_TYPE_COD" value="APVTE" />
               </occurrence>
            </parameter>
			<parameter>
               <businessKey>
                  <cell paramTableColId="COMPANY_COD" value="00230" />
                  <cell paramTableColId="TRANSAC_NATURE_COD" value="APVSB" />
               </businessKey>
               <occurrence occurStatus="Client" occurStartDate="1970-01-01" lastOccurUpdateDt="2020-03-31" lastOccurUpdateUsrId="admin" updateSource=" " occurValidationDate="2018-09-01" occurValidationUsrId="admin" timestamp="20203103203546639">
                  <cell paramTableColId="TRANSAC_NATURE_LBL">
                     <label>
                        <ePObjectLbl languageCod="fr">Après vente MOBIHSABI</ePObjectLbl>
                     </label>
                  </cell>
                  <cell paramTableColId="TRANSAC_NATURE_TYPE_COD" value="APVTE" />
               </occurrence>
            </parameter>
			<parameter>
               <businessKey>
                  <cell paramTableColId="COMPANY_COD" value="00230" />
                  <cell paramTableColId="TRANSAC_NATURE_COD" value="SCR" />
               </businessKey>
               <occurrence occurStatus="Client" occurStartDate="1970-01-01" lastOccurUpdateDt="2020-03-31" lastOccurUpdateUsrId="admin" updateSource=" " occurValidationDate="2018-09-01" occurValidationUsrId="admin" timestamp="20203103203546639">
                  <cell paramTableColId="TRANSAC_NATURE_LBL">
                     <label>
                        <ePObjectLbl languageCod="fr">Souscription</ePObjectLbl>
                     </label>
                  </cell>
                  <cell paramTableColId="TRANSAC_NATURE_TYPE_COD" value="VENTE" />
               </occurrence>
            </parameter>
			<parameter>
               <businessKey>
                  <cell paramTableColId="COMPANY_COD" value="00230" />
                  <cell paramTableColId="TRANSAC_NATURE_COD" value="GESCF" />
               </businessKey>
               <occurrence occurStatus="Client" occurStartDate="1970-01-01" lastOccurUpdateDt="2020-03-31" lastOccurUpdateUsrId="admin" updateSource=" " occurValidationDate="2018-09-01" occurValidationUsrId="admin" timestamp="20203103203546639">
                  <cell paramTableColId="TRANSAC_NATURE_LBL">
                     <label>
                        <ePObjectLbl languageCod="fr">Acte de gestion Coffre Fort</ePObjectLbl>
                     </label>
                  </cell>
                  <cell paramTableColId="TRANSAC_NATURE_TYPE_COD" value="APVTE" />
               </occurrence>
            </parameter>
			
         </content>
      </table>
		
   
   </EP>
</import>

