<?xml version="1.0" encoding="UTF-8"?>
<import date="2018-09-01" source="export">
   <EP>
     <table paramTableId="SITEX" paramDomainId="COMMON_BD" paramTableStatus="Client" paramTableScope="Universal" paramTableMasterAppCod="E3S" monoCurParamTableInd="0" unversionedParamTableInd="0" extParamTableInd="0" autoIncrParamTableInd="0" mode="global" exportId=" " lastParamTableExportDt="2018-09-01" timestamp="20201506121727658">
         <label>
            <ePObjectLbl languageCod="fr">SITEX - Situation exceptionnelle</ePObjectLbl>
         </label>
         
     <content>
            <parameter>
               <businessKey>
                  <cell paramTableColId="SITEXCOD" value="FW8" />
               </businessKey>
               <occurrence occurStatus="Client" occurStartDate="1970-01-01" lastOccurUpdateDt="2019-09-26" lastOccurUpdateUsrId="admineditor" updateSource=" " occurValidationDate="1969-01-01" occurValidationUsrId="admineditor" timestamp="20201506121727658">
                  <cell paramTableColId="SITEX_LBL" value="FATCA W8" />
               </occurrence>
            </parameter>
			   <parameter>
               <businessKey>
                  <cell paramTableColId="SITEXCOD" value="FW9" />
               </businessKey>
               <occurrence occurStatus="Client" occurStartDate="1970-01-01" lastOccurUpdateDt="2019-09-26" lastOccurUpdateUsrId="admineditor" updateSource=" " occurValidationDate="1969-01-01" occurValidationUsrId="admineditor" timestamp="20201506121727658">
                  <cell paramTableColId="SITEX_LBL" value="FATCA W9" />
               </occurrence>
            </parameter>
         </content>
      </table>
  
 
   </EP>
</import>

