<?xml version="1.0" encoding="UTF-8"?>
<import date="2018-09-01" source="export">
   <EP>
          <table paramTableId="NATURE_DOC" paramDomainId="CATALOG_S" paramTableStatus="Client" paramTableScope="Universal" monoCurParamTableInd="0" unversionedParamTableInd="1" extParamTableInd="0" autoIncrParamTableInd="0" mode="global" exportId=" " lastParamTableExportDt="2020-09-24" timestamp="20203009141031893">
         <label>
            <ePObjectLbl languageCod="fr">Table de Codification de la Nature de documentation marketing</ePObjectLbl>
            <ePObjectLbl languageCod="en">Table de Codification de la Nature de documentation marketing</ePObjectLbl>
         </label>
         
         <content>

   <parameter>
               <businessKey>
                  <cell paramTableColId="NATDOC_COD" value="70" />
               </businessKey>
               <occurrence occurStatus="Client" lastOccurUpdateDt="2019-04-16" lastOccurUpdateUsrId="admineditor" updateSource=" " occurValidationDate="1969-01-01" occurValidationUsrId="admineditor" timestamp="20201506121727658">
                  <cell paramTableColId="NATDOC_LIB" value="Demande prealable suspension" />
               </occurrence>
            </parameter>
        
         </content>
      </table>

 
   </EP>
</import>

