<?xml version="1.0" encoding="UTF-8"?>
<import date="2018-12-01" source="exportFromUI">
   <EP>
      <table paramTableId="COMPLETION_MOTIF" paramDomainId="TASK_MANAGEMENT" paramTableStatus="Client" paramTableScope="Universal" monoCurParamTableInd="0" unversionedParamTableInd="0" extParamTableInd="0" autoIncrParamTableInd="0" mode="global" exportId=" " lastParamTableExportDt="2018-12-01" timestamp="20221705103817300">
         <label>
            <ePObjectLbl languageCod="fr">Table contenant les motifs de clôture pour une tâche.</ePObjectLbl>
         </label>
         <structure updateDate="2018-12-01" updateAuthor=" " updateSource=" ">
            <column paramTableColId="COMPLETION_MOTIF_COD" bkParamTableColInd="1" mandatoryParamTableColInd="1" defaultLblParamTableColInd="0" paramTableColOrderNb="1">
               <label>
                  <ePObjectLbl languageCod="fr">Code du motif de clôture pour une tâche</ePObjectLbl>
               </label>
               <dataHeadingType dhtId="COD_2" dhtDataTypeId="Code" dhtMaxLength="2" />
               <dataHeading dhId="COD_2">
                  <label>
                     <ePObjectLbl languageCod="fr">Code 2</ePObjectLbl>
                  </label>
               </dataHeading>
            </column>
            <column paramTableColId="COMPLETION_MOTIF_LABEL" bkParamTableColInd="0" mandatoryParamTableColInd="1" defaultLblParamTableColInd="0" paramTableColOrderNb="2">
               <label>
                  <ePObjectLbl languageCod="fr">Libellé du motif de clôture pour une tâche</ePObjectLbl>
               </label>
               <dataHeadingType dhtId="LABEL_256" dhtDataTypeId="MultiLanguageString" dhtMaxLength="256" />
               <dataHeading dhId="MULTI_LABEL_256">
                  <label>
                     <ePObjectLbl languageCod="fr">libellé multilingue de 256 caractères</ePObjectLbl>
                  </label>
               </dataHeading>
            </column>
         </structure>
         <content>
            <parameter>
               <businessKey>
                  <cell paramTableColId="COMPLETION_MOTIF_COD" value="01" />
               </businessKey>
               <occurrence occurStatus="Client" occurStartDate="2018-12-01" lastOccurUpdateDt="2022-02-28" lastOccurUpdateUsrId="imourssa" updateSource=" " occurValidationDate="2018-12-01" occurValidationUsrId="imourssa" timestamp="20221705103817300">
                  <cell paramTableColId="COMPLETION_MOTIF_LABEL">
                     <label>
                        <ePObjectLbl languageCod="fr">Terminée avec succès</ePObjectLbl>
                     </label>
                  </cell>
               </occurrence>
            </parameter>
            <parameter>
               <businessKey>
                  <cell paramTableColId="COMPLETION_MOTIF_COD" value="02" />
               </businessKey>
               <occurrence occurStatus="Client" occurStartDate="2018-12-01" lastOccurUpdateDt="2022-02-28" lastOccurUpdateUsrId="imourssa" updateSource=" " occurValidationDate="2018-12-01" occurValidationUsrId="imourssa" timestamp="20221705103817300">
                  <cell paramTableColId="COMPLETION_MOTIF_LABEL">
                     <label>
                        <ePObjectLbl languageCod="fr">Terminée avec échec</ePObjectLbl>
                     </label>
                  </cell>
               </occurrence>
            </parameter>
         </content>
      </table>
   </EP>
</import>

