<?xml version="1.0" encoding="UTF-8"?>
<import date="2018-12-01" source="exportFromUI">
   <EP>
      <table paramTableId="DISVIS_IDENTITY_TYPE" paramDomainId="DISTRIBUTION_VISION" paramTableStatus="Publisher" clientOccAllowedParamTableInd="0" paramTableScope="Universal" paramTableUsrAppList="V360" monoCurParamTableInd="0" unversionedParamTableInd="0" extParamTableInd="0" autoIncrParamTableInd="0" mode="global" exportId=" " lastParamTableExportDt="2018-12-01" timestamp="20220206135346737">
         <label>
            <ePObjectLbl languageCod="fr">Table des pièces d'identité</ePObjectLbl>
         </label>
         <structure updateDate="2018-12-01" updateAuthor=" " updateSource=" ">
            <column paramTableColId="COMPANY_COD" bkParamTableColInd="1" mandatoryParamTableColInd="0" defaultLblParamTableColInd="0" paramTableColOrderNb="1">
               <label>
                  <ePObjectLbl languageCod="fr">Code société</ePObjectLbl>
               </label>
               <dataHeadingType dhtId="STRING32" dhtDataTypeId="String" dhtMaxLength="32" />
               <dataHeading dhId="COD">
                  <label>
                     <ePObjectLbl languageCod="fr">Code</ePObjectLbl>
                  </label>
               </dataHeading>
            </column>
            <column paramTableColId="TYPE_COD" bkParamTableColInd="1" mandatoryParamTableColInd="1" defaultLblParamTableColInd="0" paramTableColOrderNb="2">
               <label>
                  <ePObjectLbl languageCod="fr">Code PI</ePObjectLbl>
               </label>
               <dataHeadingType dhtId="STRING32" dhtDataTypeId="String" dhtMaxLength="32" />
               <dataHeading dhId="COD">
                  <label>
                     <ePObjectLbl languageCod="fr">Code</ePObjectLbl>
                  </label>
               </dataHeading>
            </column>
            <column paramTableColId="TYPE_LABEL" bkParamTableColInd="0" mandatoryParamTableColInd="1" defaultLblParamTableColInd="0" paramTableColOrderNb="3">
               <label>
                  <ePObjectLbl languageCod="fr">Libellé PI</ePObjectLbl>
               </label>
               <dataHeadingType dhtId="STRING_256" dhtDataTypeId="String" dhtMaxLength="256" />
               <dataHeading dhId="LABEL">
                  <label>
                     <ePObjectLbl languageCod="fr">Libellé</ePObjectLbl>
                  </label>
               </dataHeading>
            </column>
            <column paramTableColId="NATURE_PERSON_COD" bkParamTableColInd="1" mandatoryParamTableColInd="1" defaultLblParamTableColInd="0" paramTableColOrderNb="4">
               <label>
                  <ePObjectLbl languageCod="fr">Code nature personne</ePObjectLbl>
               </label>
               <dataHeadingType dhtId="STRING32" dhtDataTypeId="String" dhtMaxLength="32" />
               <dataHeading dhId="COD">
                  <label>
                     <ePObjectLbl languageCod="fr">Code</ePObjectLbl>
                  </label>
               </dataHeading>
            </column>
         </structure>
         <content>
            <parameter>
               <businessKey>
                  <cell paramTableColId="COMPANY_COD" value="4" />
                  <cell paramTableColId="TYPE_COD" value="CN" />
                  <cell paramTableColId="NATURE_PERSON_COD" value="01" />
               </businessKey>
               <occurrence occurStatus="Publisher" occurStartDate="2018-12-01" lastOccurUpdateDt="2021-10-25" lastOccurUpdateUsrId="PPIC" updateSource=" " occurValidationDate="2018-12-01" occurValidationUsrId="PPIC" timestamp="20220206135346737">
                  <cell paramTableColId="TYPE_LABEL" value="CIN" />
               </occurrence>
            </parameter>
            <parameter>
               <businessKey>
                  <cell paramTableColId="COMPANY_COD" value="4" />
                  <cell paramTableColId="TYPE_COD" value="CN" />
                  <cell paramTableColId="NATURE_PERSON_COD" value="02" />
               </businessKey>
               <occurrence occurStatus="Publisher" occurStartDate="2018-12-01" lastOccurUpdateDt="2021-10-25" lastOccurUpdateUsrId="PPIC" updateSource=" " occurValidationDate="2018-12-01" occurValidationUsrId="PPIC" timestamp="20220206135346737">
                  <cell paramTableColId="TYPE_LABEL" value="CIN" />
               </occurrence>
            </parameter>
            <parameter>
               <businessKey>
                  <cell paramTableColId="COMPANY_COD" value="4" />
                  <cell paramTableColId="TYPE_COD" value="PAT" />
                  <cell paramTableColId="NATURE_PERSON_COD" value="02" />
               </businessKey>
               <occurrence occurStatus="Publisher" occurStartDate="2018-12-01" lastOccurUpdateDt="2021-04-16" lastOccurUpdateUsrId="ppic" updateSource=" " occurValidationDate="2018-12-01" occurValidationUsrId="ppic" timestamp="20220206135346737">
                  <cell paramTableColId="TYPE_LABEL" value="Patente" />
               </occurrence>
            </parameter>
            <parameter>
               <businessKey>
                  <cell paramTableColId="COMPANY_COD" value="4" />
                  <cell paramTableColId="TYPE_COD" value="PS" />
                  <cell paramTableColId="NATURE_PERSON_COD" value="01" />
               </businessKey>
               <occurrence occurStatus="Publisher" occurStartDate="2018-12-01" lastOccurUpdateDt="2021-10-25" lastOccurUpdateUsrId="PPIC" updateSource=" " occurValidationDate="2018-12-01" occurValidationUsrId="PPIC" timestamp="20220206135346737">
                  <cell paramTableColId="TYPE_LABEL" value="Passeport" />
               </occurrence>
            </parameter>
         </content>
      </table>
   </EP>
</import>

