<catalog>
	<characteristicList>
		<characteristic companyCode="00230" actionOnCatalog="c" distribChrctId="CONDTXFOGALOGE011">
            <unversionedContent distribChrctTmplId="RemTermBracketPrice"/>
            <versionedContent catalogStateVersion="v" catalogStartDt="13-02-2014" actionOnCatalog="c">
                <label languageCod="fr">Conditions de Taux FOGALOGE</label>
                <inputValue catalogDataMaxValue="300" catalogDataMinValue="85" dhId="TERMRANGE"/>
                <inputValue catalogDataValue="5.500000" dhId="PERCENTAGE"/>
            </versionedContent>
         </characteristic>
		 
		 <characteristic companyCode="00230" actionOnCatalog="c" distribChrctId="PRIXADPT01">
			<unversionedContent distribChrctTmplId="RAUngraduatedPrice"/>
			<versionedContent catalogStateVersion="v" catalogStartDt="03-03-2014" actionOnCatalog="c">
				<label languageCod="fr">Prix d'une adaptation</label>
				<inputValue catalogDataMaxValue="5.000000" catalogDataMinValue="0" catalogDataValue="5.000000" dhId="PERCENTAGE"/>
				<listOfChoices catalogFilteredValueInd="true" catalogMultipleValueInd="false" dhId="CALCULATIONPERIOD">
					<choice catalogSelectedValueCod="S">
						<keyValue catalogDataValue="fr" paramTableColId="CODELANGUAGE"/>
						<keyValue catalogDataValue="MA" paramTableColId="CODECOUNTRY"/>
						<keyValue catalogDataValue="00230" paramTableColId="COMPANY_COD"/>
						<keyValue catalogDataValue="1" paramTableColId="CODEID"/>
					</choice>
				</listOfChoices>
				<listOfChoices catalogFilteredValueInd="true" catalogMultipleValueInd="false" dhId="PERCENTAGETYPE">
					<choice catalogSelectedValueCod="S">
						<keyValue catalogDataValue="1" paramTableColId="CODEID"/>
						<keyValue catalogDataValue="fr" paramTableColId="CODELANGUAGE"/>
						<keyValue catalogDataValue="MA" paramTableColId="CODECOUNTRY"/>
						<keyValue catalogDataValue="00230" paramTableColId="COMPANY_COD"/>
					</choice>
				</listOfChoices>
			</versionedContent>
		</characteristic>
		<characteristic companyCode="00230" actionOnCatalog="c" distribChrctId="CONDTRFTX0014">
			<unversionedContent distribChrctTmplId="RemTermBracketPrice"/>
			<versionedContent catalogStateVersion="v" catalogStartDt="16-01-2014" actionOnCatalog="c">
				<label languageCod="fr">Conditions tarifaires du taux /tranche de durée</label>
				<inputValue catalogDataMaxValue="84" catalogDataMinValue="24" dhId="TERMRANGE"/>
				<inputValue catalogDataValue="6.000000" dhId="PERCENTAGE"/>
			</versionedContent>
		</characteristic>
		
		<characteristic companyCode="00230" actionOnCatalog="c" distribChrctId="CONDTRFTX0015">
			<unversionedContent distribChrctTmplId="RemTermBracketPrice"/>
			<versionedContent catalogStateVersion="v" catalogStartDt="16-01-2014" actionOnCatalog="c">
				<label languageCod="fr">Conditions tarifaires du taux/tranche de durée</label>
				<inputValue catalogDataMaxValue="300" catalogDataMinValue="85" dhId="TERMRANGE"/>
				<inputValue catalogDataValue="6.500000" dhId="PERCENTAGE"/>
			</versionedContent>
		</characteristic>
		
		<characteristic companyCode="00230" actionOnCatalog="c" distribChrctId="CONDTAUXFOGALOGE021">
			<unversionedContent distribChrctTmplId="RemunerationPrice"/>
			<versionedContent catalogStateVersion="v" catalogStartDt="13-02-2014" actionOnCatalog="c">
				<label languageCod="fr">CONDITIONS TAUX FOGALOGE</label>
				<inputValue catalogDataValue="5.500000" dhId="PERCENTAGE"/>
			</versionedContent>
		</characteristic>
		<characteristic companyCode="00230" actionOnCatalog="c" distribChrctId="CTVAR007">
			<unversionedContent distribChrctTmplId="CostVariablePrice"/>
			<versionedContent catalogStateVersion="v" catalogStartDt="16-01-2014" actionOnCatalog="c">
				<label languageCod="fr">Cout variable</label>
				<inputValue catalogDataValue="2.000000" dhId="PERCENTAGE"/>
			</versionedContent>
		</characteristic>
		
		<characteristic companyCode="00230" actionOnCatalog="c" distribChrctId="CTVAR003">
			<unversionedContent distribChrctTmplId="CostVariablePrice"/>
			<versionedContent catalogStateVersion="v" catalogStartDt="16-12-2013" actionOnCatalog="c">
				<label languageCod="fr">Coût Variable</label>
				<inputValue catalogDataValue="2.000000" dhId="PERCENTAGE"/>
			</versionedContent>
		</characteristic>
		<characteristic companyCode="00230" actionOnCatalog="c" distribChrctId="CONDTXCONSOLIBRE03">
			<unversionedContent distribChrctTmplId="RemunerationPrice"/>
			<versionedContent catalogStateVersion="v" catalogStartDt="03-03-2014" actionOnCatalog="c">
				<label languageCod="fr">Conditions de Taux Conso Libre</label>
				<inputValue catalogDataValue="9.500000" dhId="PERCENTAGE"/>
			</versionedContent>
		</characteristic>
		<characteristic companyCode="00230" actionOnCatalog="c" distribChrctId="CONDTXREVISABLE12">
			<unversionedContent distribChrctTmplId="RemTermBracketPrice"/>
			<versionedContent catalogStateVersion="v" catalogStartDt="03-02-2014" actionOnCatalog="c">
				<label languageCod="fr">Conditions de Taux Revisable</label>
				<inputValue catalogDataMaxValue="300" catalogDataMinValue="85" dhId="TERMRANGE"/>
				<inputValue catalogDataValue="6.300000" dhId="PERCENTAGE"/>
			</versionedContent>
		</characteristic>
		
		
		<characteristic companyCode="00230" actionOnCatalog="c" distribChrctId="CONDTXREVISABLE22">
			<unversionedContent distribChrctTmplId="RemTermBracketPrice"/>
			<versionedContent catalogStateVersion="v" catalogStartDt="03-02-2014" actionOnCatalog="c">
				<label languageCod="fr">Conditions de Taux Revisable</label>
				<inputValue catalogDataMaxValue="84" catalogDataMinValue="24" dhId="TERMRANGE"/>
				<inputValue catalogDataValue="6.100000" dhId="PERCENTAGE"/>
			</versionedContent>
		</characteristic>
			<characteristic companyCode="00230" actionOnCatalog="c" distribChrctId="REMCONDTXEDUC01">
			<unversionedContent distribChrctTmplId="RemunerationPrice"/>
			<versionedContent catalogStateVersion="v" catalogStartDt="22-05-2014" actionOnCatalog="c">
				<label languageCod="fr">Rémunération Cond taux Education</label>
				<inputValue catalogDataValue="5.500000" dhId="PERCENTAGE"/>
			</versionedContent>
		</characteristic>
		<characteristic companyCode="00230" actionOnCatalog="c" distribChrctId="CONDTAUXRACHAT02">
			<unversionedContent distribChrctTmplId="RemunerationPrice"/>
			<versionedContent catalogStateVersion="v" catalogStartDt="22-05-2014" actionOnCatalog="c">
				<label languageCod="fr">Conditions de Taux Rachat</label>
				<inputValue catalogDataValue="9.500000" dhId="PERCENTAGE"/>
			</versionedContent>
		</characteristic>
		<characteristic companyCode="00230" actionOnCatalog="c" distribChrctId="CONDTRFTX0011">
			<unversionedContent distribChrctTmplId="RemunerationPrice"/>
			<versionedContent catalogStateVersion="v" catalogStartDt="16-12-2013" actionOnCatalog="c">
				<label languageCod="fr">Conditions Tarifiaires du Taux</label>
				<inputValue catalogDataValue="5.000000" dhId="PERCENTAGE"/>
			</versionedContent>
		</characteristic>
		
		<characteristic companyCode="00230" actionOnCatalog="c" distribChrctId="CONDTXFOGALEF0012">
			<unversionedContent distribChrctTmplId="RemTermBracketPrice"/>
			<versionedContent catalogStateVersion="v" catalogStartDt="24-03-2014" actionOnCatalog="c">
				<label languageCod="fr">Conditions de Taux FOGALEF</label>
				<inputValue catalogDataValue="4.990000" dhId="PERCENTAGE"/>
				<inputValue catalogDataMaxValue="300" catalogDataMinValue="85" dhId="TERMRANGE"/>
			</versionedContent>
		</characteristic>
		
				<characteristic companyCode="00230" actionOnCatalog="c" distribChrctId="CONDTRFTX0033">
			<unversionedContent distribChrctTmplId="RemunerationPrice"/>
			<versionedContent catalogStateVersion="v" catalogStartDt="16-01-2014" actionOnCatalog="c">
				<label languageCod="fr">Conditions tarifaires du taux</label>
				<inputValue catalogDataValue="7.250000" dhId="PERCENTAGE"/>
			</versionedContent>
		</characteristic>
		
				<characteristic companyCode="00230" actionOnCatalog="c" distribChrctId="CONDTXFOGALEF0011">
			<unversionedContent distribChrctTmplId="RemTermBracketPrice"/>
			<versionedContent catalogStateVersion="v" catalogStartDt="24-03-2014" actionOnCatalog="c">
				<label languageCod="fr">Conditions de Taux FOGALEF</label>
				<inputValue catalogDataMaxValue="84" catalogDataMinValue="24" dhId="TERMRANGE"/>
				<inputValue catalogDataValue="4.990000" dhId="PERCENTAGE"/>
			</versionedContent>
		</characteristic>
		
				<characteristic companyCode="00230" actionOnCatalog="c" distribChrctId="CONDTAUXIMMO022">
			<unversionedContent distribChrctTmplId="RemTermBracketPrice"/>
			<versionedContent catalogStateVersion="v" catalogStartDt="05-02-2014" actionOnCatalog="c">
				<label languageCod="fr">CONDITIONS TAUX IMMO REGIME GENERAL</label>
				<inputValue catalogDataMaxValue="300" catalogDataMinValue="85" dhId="TERMRANGE"/>
				<inputValue catalogDataValue="5.900000" dhId="PERCENTAGE"/>
			</versionedContent>
		</characteristic>
		
				<characteristic companyCode="00230" actionOnCatalog="c" distribChrctId="CONDTAUXIMMO021">
			<unversionedContent distribChrctTmplId="RemTermBracketPrice"/>
			<versionedContent catalogStateVersion="v" catalogStartDt="05-02-2014" actionOnCatalog="c">
				<label languageCod="fr">CONDITIONS TAUX IMMO REGIME GENERAL</label>
				<inputValue catalogDataValue="5.500000" dhId="PERCENTAGE"/>
				<inputValue catalogDataMaxValue="84" catalogDataMinValue="24" dhId="TERMRANGE"/>
			</versionedContent>
		</characteristic>
		
				<characteristic companyCode="00230" actionOnCatalog="c" distribChrctId="CONDTXCONSLIBRE">
			<unversionedContent distribChrctTmplId="RemunerationPrice"/>
			<versionedContent catalogStateVersion="v" catalogStartDt="03-03-2014" actionOnCatalog="c">
				<label languageCod="fr">Conditions de Taux Conso Libre</label>
				<inputValue catalogDataValue="10.750000" dhId="PERCENTAGE"/>
			</versionedContent>
		</characteristic>
				<characteristic companyCode="00230" actionOnCatalog="c" distribChrctId="CONDTRFTAMADROUSS">
			<unversionedContent distribChrctTmplId="RemunerationPrice"/>
			<versionedContent catalogStateVersion="v" catalogStartDt="22-05-2014" actionOnCatalog="c">
				<label languageCod="fr">Conditions de taux Tamadrouss</label>
				<inputValue catalogDataValue="9.750000" dhId="PERCENTAGE"/>
			</versionedContent>
		</characteristic>
		
				<characteristic companyCode="00230" actionOnCatalog="c" distribChrctId="PRADPTRF0011">
			<unversionedContent distribChrctTmplId="RAUngraduatedPrice"/>
			<versionedContent catalogStateVersion="v" catalogStartDt="16-12-2013" actionOnCatalog="c">
				<label languageCod="fr">Prix de l'adaptation tarifiaire</label>
				<inputValue catalogDataMaxValue=".500000" catalogDataMinValue=".100000" catalogDataValue=".500000" dhId="PERCENTAGE"/>
				<listOfChoices catalogFilteredValueInd="true" catalogMultipleValueInd="false" dhId="CALCULATIONPERIOD">
					<choice catalogSelectedValueCod="S">
						<keyValue catalogDataValue="1" paramTableColId="CODEID"/>
						<keyValue catalogDataValue="fr" paramTableColId="CODELANGUAGE"/>
						<keyValue catalogDataValue="MA" paramTableColId="CODECOUNTRY"/>
						<keyValue catalogDataValue="00230" paramTableColId="COMPANY_COD"/>
					</choice>
				</listOfChoices>
				<listOfChoices catalogFilteredValueInd="true" catalogMultipleValueInd="false" dhId="PERCENTAGETYPE">
					<choice catalogSelectedValueCod="S">
						<keyValue catalogDataValue="1" paramTableColId="CODEID"/>
						<keyValue catalogDataValue="fr" paramTableColId="CODELANGUAGE"/>
						<keyValue catalogDataValue="MA" paramTableColId="CODECOUNTRY"/>
						<keyValue catalogDataValue="00230" paramTableColId="COMPANY_COD"/>
					</choice>
				</listOfChoices>
			</versionedContent>
		</characteristic>
		
				<characteristic companyCode="00230" actionOnCatalog="c" distribChrctId="CONDTRFTX0034">
			<unversionedContent distribChrctTmplId="RemTermBracketPrice"/>
			<versionedContent catalogStateVersion="v" catalogStartDt="16-01-2014" actionOnCatalog="c">
				<label languageCod="fr">COnditions tarifaires du taux par tranche de durée</label>
				<inputValue catalogDataValue="6.500000" dhId="PERCENTAGE"/>
				<inputValue catalogDataMaxValue="84" catalogDataMinValue="24" dhId="TERMRANGE"/>
			</versionedContent>
		</characteristic>
				<characteristic companyCode="00230" actionOnCatalog="c" distribChrctId="CONDTXVARIABLE011">
			<unversionedContent distribChrctTmplId="RemTermBracketPrice"/>
			<versionedContent catalogStateVersion="v" catalogStartDt="17-02-2014" actionOnCatalog="c">
				<label languageCod="fr">Conditions de Taux VARIABLE</label>
				<inputValue catalogDataMaxValue="85" catalogDataMinValue="24" dhId="TERMRANGE"/>
				<inputValue catalogDataValue="6.100000" dhId="PERCENTAGE"/>
			</versionedContent>
		</characteristic>
			<characteristic companyCode="00230" actionOnCatalog="c" distribChrctId="CONDTXVARIABLE001">
			<unversionedContent distribChrctTmplId="RemTermBracketPrice"/>
			<versionedContent catalogStateVersion="v" catalogStartDt="17-02-2014" actionOnCatalog="c">
				<label languageCod="fr">Conditions de Taux VARIABLE</label>
				<inputValue catalogDataMaxValue="300" catalogDataMinValue="85" dhId="TERMRANGE"/>
				<inputValue catalogDataValue="6.300000" dhId="PERCENTAGE"/>
			</versionedContent>
		</characteristic>
		
				<characteristic companyCode="00230" actionOnCatalog="c" distribChrctId="CONDTXFOGALOGE012">
			<unversionedContent distribChrctTmplId="RemTermBracketPrice"/>
			<versionedContent catalogStateVersion="v" catalogStartDt="13-02-2014" actionOnCatalog="c">
				<label languageCod="fr">Conditions de Taux FOGALOGE</label>
				<inputValue catalogDataValue="5.500000" dhId="PERCENTAGE"/>
				<inputValue catalogDataMaxValue="84" catalogDataMinValue="24" dhId="TERMRANGE"/>
			</versionedContent>
		</characteristic>
		
				<characteristic companyCode="00230" actionOnCatalog="c" distribChrctId="ADPT125">
			<unversionedContent distribChrctTmplId="RAUngraduatedPrice"/>
			<versionedContent catalogStateVersion="v" catalogStartDt="03-02-2014" actionOnCatalog="c">
				<label languageCod="fr">Prix d'une adaptation</label>
				<inputValue catalogDataMaxValue="3.000000" catalogDataMinValue="0" catalogDataValue=".500000" dhId="PERCENTAGE"/>
				<listOfChoices catalogFilteredValueInd="true" catalogMultipleValueInd="false" dhId="PERCENTAGETYPE">
					<choice catalogSelectedValueCod="S">
						<keyValue catalogDataValue="00230" paramTableColId="COMPANY_COD"/>
						<keyValue catalogDataValue="1" paramTableColId="CODEID"/>
						<keyValue catalogDataValue="MA" paramTableColId="CODECOUNTRY"/>
						<keyValue catalogDataValue="fr" paramTableColId="CODELANGUAGE"/>
					</choice>
				</listOfChoices>
				<listOfChoices catalogFilteredValueInd="true" catalogMultipleValueInd="false" dhId="CALCULATIONPERIOD">
					<choice catalogSelectedValueCod="S">
						<keyValue catalogDataValue="fr" paramTableColId="CODELANGUAGE"/>
						<keyValue catalogDataValue="MA" paramTableColId="CODECOUNTRY"/>
						<keyValue catalogDataValue="00230" paramTableColId="COMPANY_COD"/>
						<keyValue catalogDataValue="1" paramTableColId="CODEID"/>
					</choice>
				</listOfChoices>
			</versionedContent>
		</characteristic>
				<characteristic companyCode="00230" actionOnCatalog="c" distribChrctId="CONDTRF025">
			<unversionedContent distribChrctTmplId="RemTermBracketPrice"/>
			<versionedContent catalogStateVersion="v" catalogStartDt="03-02-2014" actionOnCatalog="c">
				<label languageCod="fr">Conditions tarifaire par tranche de durée</label>
				<inputValue catalogDataValue="6.400000" dhId="PERCENTAGE"/>
				<inputValue catalogDataMaxValue="300" catalogDataMinValue="85" dhId="TERMRANGE"/>
			</versionedContent>
		</characteristic>
				<characteristic companyCode="00230" actionOnCatalog="c" distribChrctId="CONDTRF015">
			<unversionedContent distribChrctTmplId="RemTermBracketPrice"/>
			<versionedContent catalogStateVersion="v" catalogStartDt="03-02-2014" actionOnCatalog="c">
				<label languageCod="fr">Conditions tarifaire par tranche de durée</label>
				<inputValue catalogDataMaxValue="84" catalogDataMinValue="24" dhId="TERMRANGE"/>
				<inputValue catalogDataValue="6.200000" dhId="PERCENTAGE"/>
			</versionedContent>
		</characteristic>
				<characteristic companyCode="00230" actionOnCatalog="c" distribChrctId="CONDTRFT0035">
			<unversionedContent distribChrctTmplId="RemTermBracketPrice"/>
			<versionedContent catalogStateVersion="v" catalogStartDt="16-01-2014" actionOnCatalog="c">
				<label languageCod="fr">COnditions tarifaires du taux par tranche de durée</label>
				<inputValue catalogDataValue="6.700000" dhId="PERCENTAGE"/>
				<inputValue catalogDataMaxValue="300" catalogDataMinValue="85" dhId="TERMRANGE"/>
			</versionedContent>
		</characteristic>
				<characteristic companyCode="00230" actionOnCatalog="c" distribChrctId="CONDTAUXFOGALEF022">
			<unversionedContent distribChrctTmplId="RemTermBracketPrice"/>
			<versionedContent catalogStateVersion="v" catalogStartDt="24-03-2014" actionOnCatalog="c">
				<label languageCod="fr">CONDITIONS TAUX FOGALEF</label>
				<inputValue catalogDataMaxValue="300" catalogDataMinValue="85" dhId="TERMRANGE"/>
				<inputValue catalogDataValue="4.990000" dhId="PERCENTAGE"/>
			</versionedContent>
		</characteristic>
				<characteristic companyCode="00230" actionOnCatalog="c" distribChrctId="CONDTAUXFOGALEF021">
			<unversionedContent distribChrctTmplId="RemTermBracketPrice"/>
			<versionedContent catalogStateVersion="v" catalogStartDt="24-03-2014" actionOnCatalog="c">
				<label languageCod="fr">CONDITIONS TAUX FOGALEF</label>
				<inputValue catalogDataMaxValue="84" catalogDataMinValue="24" dhId="TERMRANGE"/>
				<inputValue catalogDataValue="4.990000" dhId="PERCENTAGE"/>
			</versionedContent>
		</characteristic>
				<characteristic companyCode="00230" actionOnCatalog="c" distribChrctId="CTVARIABLE">
			<unversionedContent distribChrctTmplId="CostVariablePrice"/>
			<versionedContent catalogStateVersion="v" catalogStartDt="16-01-2014" actionOnCatalog="c">
				<label languageCod="fr">Cout variable</label>
				<inputValue catalogDataValue="1.000000" dhId="PERCENTAGE"/>
			</versionedContent>
		</characteristic>
				<characteristic companyCode="00230" actionOnCatalog="c" distribChrctId="CONDTXFOGALEFEXCEPT003">
			<unversionedContent distribChrctTmplId="RemTermBracketPrice"/>
			<versionedContent catalogStateVersion="v" catalogStartDt="24-03-2014" actionOnCatalog="c">
				<label languageCod="fr">Conditions Tarifaire du taux</label>
				<inputValue catalogDataMaxValue="300" catalogDataMinValue="85" dhId="TERMRANGE"/>
				<inputValue catalogDataValue="7.750000" dhId="PERCENTAGE"/>
			</versionedContent>
		</characteristic>
				<characteristic companyCode="00230" actionOnCatalog="c" distribChrctId="CONDTXFOGALEFEXCEPT002">
			<unversionedContent distribChrctTmplId="RemTermBracketPrice"/>
			<versionedContent catalogStateVersion="v" catalogStartDt="24-03-2014" actionOnCatalog="c">
				<label languageCod="fr">Conditions Tarifaire du taux</label>
				<inputValue catalogDataValue="7.500000" dhId="PERCENTAGE"/>
				<inputValue catalogDataMaxValue="84" catalogDataMinValue="24" dhId="TERMRANGE"/>
			</versionedContent>
		</characteristic>
			<characteristic companyCode="00230" actionOnCatalog="c" distribChrctId="CONDTXFOGALEF0014">
			<unversionedContent distribChrctTmplId="RemTermBracketPrice"/>
			<versionedContent catalogStateVersion="v" catalogStartDt="24-03-2014" actionOnCatalog="c">
				<label languageCod="fr">Conditions de Taux FOGALEF COMPLEMENTAIRE</label>
				<inputValue catalogDataMaxValue="300" catalogDataMinValue="85" dhId="TERMRANGE"/>
				<inputValue catalogDataValue="5.750000" dhId="PERCENTAGE"/>
			</versionedContent>
		</characteristic>
				<characteristic companyCode="00230" actionOnCatalog="c" distribChrctId="CONDTXFOGALEF0013">
			<unversionedContent distribChrctTmplId="RemTermBracketPrice"/>
			<versionedContent catalogStateVersion="v" catalogStartDt="24-03-2014" actionOnCatalog="c">
				<label languageCod="fr">Conditions de Taux FOGALEF COMPLEMENTAIRE</label>
				<inputValue catalogDataMaxValue="84" catalogDataMinValue="24" dhId="TERMRANGE"/>
				<inputValue catalogDataValue="5.500000" dhId="PERCENTAGE"/>
			</versionedContent>
		</characteristic>
				<characteristic companyCode="00230" actionOnCatalog="c" distribChrctId="CONDTAUXCONSO021">
			<unversionedContent distribChrctTmplId="RemunerationPrice"/>
			<versionedContent catalogStateVersion="v" catalogStartDt="03-03-2014" actionOnCatalog="c">
				<label languageCod="fr">CONDITIONS TAUX CONSO</label>
				<inputValue catalogDataValue="9.500000" dhId="PERCENTAGE"/>
			</versionedContent>
		</characteristic>
				<characteristic companyCode="00230" actionOnCatalog="c" distribChrctId="CONDTX21">
			<unversionedContent distribChrctTmplId="RemunerationPrice"/>
			<versionedContent catalogStateVersion="v" catalogStartDt="26-08-2015" actionOnCatalog="c">
				<label languageCod="fr">Conditions stage de langue</label>
				<inputValue catalogDataValue="7.250000" dhId="PERCENTAGE"/>
			</versionedContent>
		</characteristic>
				<characteristic companyCode="00230" actionOnCatalog="c" distribChrctId="CONDTRFTXCONSO0012">
			<unversionedContent distribChrctTmplId="RemunerationPrice"/>
			<versionedContent catalogStateVersion="v" catalogStartDt="03-03-2014" actionOnCatalog="c">
				<label languageCod="fr">Conditions tarifaire de taux</label>
				<inputValue catalogDataValue="10.750000" dhId="PERCENTAGE"/>
			</versionedContent>
		</characteristic>
		
		<characteristic companyCode="00230" actionOnCatalog="c" distribChrctId="CRITSEL014">
			<unversionedContent distribChrctTmplId="ProductConditions"/>
			<versionedContent catalogStateVersion="v" catalogStartDt="24-04-2014" actionOnCatalog="c">
				<label languageCod="fr">Critères de sélection SALAM acqu et constr</label>
				<inputValue catalogDataMaxValue="70.000000" catalogDataMinValue="0" dhId="LOANTOVALUERATIO"/>
				<inputValue catalogDataMaxValue="65" catalogDataMinValue="18" dhId="MAINAPPLICANTAGE"/>
				<inputValue catalogDataMaxValue="40.000000" catalogDataMinValue="0" dhId="DEBTTOICOMERATIO"/>
				<inputValue catalogDataMaxValue="180" catalogDataMinValue="24" dhId="LOANDURATION"/>
				<listOfChoices catalogFilteredValueInd="true" catalogMultipleValueInd="false" dhId="PRODUCTCATEGORYID">
					<choice catalogSelectedValueCod="S">
						<keyValue catalogDataValue="4" paramTableColId="CODEID"/>
						<keyValue catalogDataValue="fr" paramTableColId="CODELANGUAGE"/>
						<keyValue catalogDataValue="MA" paramTableColId="CODECOUNTRY"/>
						<keyValue catalogDataValue="00230" paramTableColId="COMPANY_COD"/>
					</choice>
				</listOfChoices>
				<listOfChoices catalogFilteredValueInd="false" catalogMultipleValueInd="false" dhId="BRAND">
					<choice catalogSelectedValueCod="S">
						<keyValue catalogDataValue="00230" paramTableColId="COMPANY_COD"/>
						<keyValue catalogDataValue="230" paramTableColId="CODEID"/>
						<keyValue catalogDataValue="fr" paramTableColId="CODELANGUAGE"/>
						<keyValue catalogDataValue="MA" paramTableColId="CODECOUNTRY"/>
					</choice>
				</listOfChoices>
				<listOfChoices catalogFilteredValueInd="true" catalogMultipleValueInd="false" dhId="PRODUCTFINANCINGGOALCONDITION">
					<choice catalogSelectedValueCod="S">
						<keyValue catalogDataValue="5" paramTableColId="CODEID"/>
						<keyValue catalogDataValue="fr" paramTableColId="CODELANGUAGE"/>
						<keyValue catalogDataValue="MA" paramTableColId="CODECOUNTRY"/>
						<keyValue catalogDataValue="00230" paramTableColId="COMPANY_COD"/>
					</choice>
				</listOfChoices>
			</versionedContent>
		</characteristic>
		
		<characteristic companyCode="00230" actionOnCatalog="c" distribChrctId="CRITSELFOGALEF003">
			<unversionedContent distribChrctTmplId="ProductConditions"/>
			<versionedContent catalogStateVersion="v" catalogStartDt="24-03-2014" actionOnCatalog="c">
				<label languageCod="fr">Critères de sélection fogalef construction</label>
				<inputValue catalogDataMaxValue="40.000000" catalogDataMinValue="0" dhId="DEBTTOICOMERATIO"/>
				<inputValue catalogDataMaxValue="100.000000" catalogDataMinValue="0" dhId="LOANTOVALUERATIO"/>
				<inputValue catalogDataMaxValue="240" catalogDataMinValue="24" dhId="LOANDURATION"/>
				<inputValue catalogDataMaxValue="65" catalogDataMinValue="18" dhId="MAINAPPLICANTAGE"/>
				<listOfChoices catalogFilteredValueInd="true" catalogMultipleValueInd="false" dhId="PRODUCTFINANCINGGOALCONDITION">
					<choice catalogSelectedValueCod="S">
						<keyValue catalogDataValue="MA" paramTableColId="CODECOUNTRY"/>
						<keyValue catalogDataValue="00230" paramTableColId="COMPANY_COD"/>
						<keyValue catalogDataValue="7" paramTableColId="CODEID"/>
						<keyValue catalogDataValue="fr" paramTableColId="CODELANGUAGE"/>
					</choice>
				</listOfChoices>
				<listOfChoices catalogFilteredValueInd="true" catalogMultipleValueInd="false" dhId="PRODUCTCATEGORYID">
					<choice catalogSelectedValueCod="S">
						<keyValue catalogDataValue="4" paramTableColId="CODEID"/>
						<keyValue catalogDataValue="fr" paramTableColId="CODELANGUAGE"/>
						<keyValue catalogDataValue="MA" paramTableColId="CODECOUNTRY"/>
						<keyValue catalogDataValue="00230" paramTableColId="COMPANY_COD"/>
					</choice>
				</listOfChoices>
				<listOfChoices catalogFilteredValueInd="true" catalogMultipleValueInd="false" dhId="BRAND">
					<choice catalogSelectedValueCod="S">
						<keyValue catalogDataValue="230" paramTableColId="CODEID"/>
						<keyValue catalogDataValue="fr" paramTableColId="CODELANGUAGE"/>
						<keyValue catalogDataValue="MA" paramTableColId="CODECOUNTRY"/>
						<keyValue catalogDataValue="00230" paramTableColId="COMPANY_COD"/>
					</choice>
				</listOfChoices>
			</versionedContent>
		</characteristic>

	<characteristic companyCode="00230" actionOnCatalog="c" distribChrctId="ACCSR0041">
			<unversionedContent distribChrctTmplId="ProductCost"/>
			<versionedContent catalogStateVersion="v" catalogStartDt="16-01-2014" actionOnCatalog="c">
				<label languageCod="fr">Frais de dossier</label>
				<inputValue catalogDataValue="false" dhId="CHANGETOTALCOSTAMOUNTALLOWED"/>
				<inputValue catalogDataValue="false" dhId="CHANGEDISTRIBUTIONALLOWED"/>
				<inputValue catalogDataMaxValue="100.00" catalogDataMinValue="100.00" catalogDataValue="100.00" dhId="BORROWERCHARGEPERCENTAGE"/>
				<inputValue catalogDataValue="true" dhId="AUTOMATIC"/>
				<listOfChoices catalogFilteredValueInd="true" catalogMultipleValueInd="false" dhId="TYPEID">
					<choice catalogSelectedValueCod="S">
						<keyValue catalogDataValue="2" paramTableColId="CODEID"/>
						<keyValue catalogDataValue="fr" paramTableColId="CODELANGUAGE"/>
						<keyValue catalogDataValue="MA" paramTableColId="CODECOUNTRY"/>
						<keyValue catalogDataValue="00230" paramTableColId="COMPANY_COD"/>
					</choice>
				</listOfChoices>
				<listOfChoices catalogFilteredValueInd="true" catalogMultipleValueInd="false" dhId="COSTSETTLEMENTID">
					<choice catalogSelectedValueCod="S">
						<keyValue catalogDataValue="fr" paramTableColId="CODELANGUAGE"/>
						<keyValue catalogDataValue="MA" paramTableColId="CODECOUNTRY"/>
						<keyValue catalogDataValue="00230" paramTableColId="COMPANY_COD"/>
						<keyValue catalogDataValue="2" paramTableColId="CODEID"/>
					</choice>
				</listOfChoices>
				<listOfChoices catalogFilteredValueInd="true" catalogMultipleValueInd="false" dhId="COSTPAYMENTFREQUENCYID">
					<choice catalogSelectedValueCod="S">
						<keyValue catalogDataValue="1" paramTableColId="CODEID"/>
						<keyValue catalogDataValue="fr" paramTableColId="CODELANGUAGE"/>
						<keyValue catalogDataValue="MA" paramTableColId="CODECOUNTRY"/>
						<keyValue catalogDataValue="00230" paramTableColId="COMPANY_COD"/>
					</choice>
				</listOfChoices>
				<listOfChoices catalogFilteredValueInd="true" catalogMultipleValueInd="false" dhId="FIRSTCOSTPAYMENTDATEBASE">
					<choice catalogSelectedValueCod="S">
						<keyValue catalogDataValue="00230" paramTableColId="COMPANY_COD"/>
						<keyValue catalogDataValue="fr" paramTableColId="CODELANGUAGE"/>
						<keyValue catalogDataValue="MA" paramTableColId="CODECOUNTRY"/>
						<keyValue catalogDataValue="1" paramTableColId="CODEID"/>
					</choice>
				</listOfChoices>
				<listOfChoices catalogFilteredValueInd="true" catalogMultipleValueInd="false" dhId="KINDOFID">
					<choice catalogSelectedValueCod="S">
						<keyValue catalogDataValue="5" paramTableColId="CODEID"/>
						<keyValue catalogDataValue="fr" paramTableColId="CODELANGUAGE"/>
						<keyValue catalogDataValue="MA" paramTableColId="CODECOUNTRY"/>
						<keyValue catalogDataValue="00230" paramTableColId="COMPANY_COD"/>
					</choice>
				</listOfChoices>
				<listOfChoices catalogFilteredValueInd="true" catalogMultipleValueInd="false" dhId="OCCURRENCEID">
					<choice catalogSelectedValueCod="S">
						<keyValue catalogDataValue="fr" paramTableColId="CODELANGUAGE"/>
						<keyValue catalogDataValue="MA" paramTableColId="CODECOUNTRY"/>
						<keyValue catalogDataValue="00230" paramTableColId="COMPANY_COD"/>
						<keyValue catalogDataValue="1" paramTableColId="CODEID"/>
					</choice>
				</listOfChoices>
			</versionedContent>
		</characteristic>
			<characteristic companyCode="00230" actionOnCatalog="c" distribChrctId="ACCSR061">
			<unversionedContent distribChrctTmplId="ProductCost"/>
			<versionedContent catalogStateVersion="v" catalogStartDt="16-01-2014" actionOnCatalog="c">
				<label languageCod="fr">Accessoire prime actuarialle</label>
				<inputValue catalogDataValue="false" dhId="CHANGEDISTRIBUTIONALLOWED"/>
				<inputValue catalogDataValue="1" dhId="COSTPAYMENTNUMBER"/>
				<inputValue catalogDataValue="true" dhId="AUTOMATIC"/>
				<inputValue catalogDataValue="false" dhId="CHANGETOTALCOSTAMOUNTALLOWED"/>
				<inputValue catalogDataMaxValue="100.00" catalogDataMinValue="100.00" catalogDataValue="100.00" dhId="BORROWERCHARGEPERCENTAGE"/>
				<listOfChoices catalogFilteredValueInd="true" catalogMultipleValueInd="false" dhId="TYPEID">
					<choice catalogSelectedValueCod="S">
						<keyValue catalogDataValue="2" paramTableColId="CODEID"/>
						<keyValue catalogDataValue="fr" paramTableColId="CODELANGUAGE"/>
						<keyValue catalogDataValue="MA" paramTableColId="CODECOUNTRY"/>
						<keyValue catalogDataValue="00230" paramTableColId="COMPANY_COD"/>
					</choice>
				</listOfChoices>
				<listOfChoices catalogFilteredValueInd="true" catalogMultipleValueInd="false" dhId="COSTPAYMENTFREQUENCYID">
					<choice catalogSelectedValueCod="S">
						<keyValue catalogDataValue="3" paramTableColId="CODEID"/>
						<keyValue catalogDataValue="fr" paramTableColId="CODELANGUAGE"/>
						<keyValue catalogDataValue="MA" paramTableColId="CODECOUNTRY"/>
						<keyValue catalogDataValue="00230" paramTableColId="COMPANY_COD"/>
					</choice>
				</listOfChoices>
				<listOfChoices catalogFilteredValueInd="true" catalogMultipleValueInd="false" dhId="FIRSTCOSTPAYMENTDATEBASE">
					<choice catalogSelectedValueCod="S">
						<keyValue catalogDataValue="1" paramTableColId="CODEID"/>
						<keyValue catalogDataValue="fr" paramTableColId="CODELANGUAGE"/>
						<keyValue catalogDataValue="MA" paramTableColId="CODECOUNTRY"/>
						<keyValue catalogDataValue="00230" paramTableColId="COMPANY_COD"/>
					</choice>
				</listOfChoices>
				<listOfChoices catalogFilteredValueInd="true" catalogMultipleValueInd="false" dhId="COSTPERIODICITY">
					<choice catalogSelectedValueCod="D">
						<keyValue catalogDataValue="MA" paramTableColId="CODECOUNTRY"/>
						<keyValue catalogDataValue="00230" paramTableColId="COMPANY_COD"/>
						<keyValue catalogDataValue="1" paramTableColId="CODEID"/>
						<keyValue catalogDataValue="fr" paramTableColId="CODELANGUAGE"/>
					</choice>
				</listOfChoices>
				<listOfChoices catalogFilteredValueInd="true" catalogMultipleValueInd="false" dhId="COSTSETTLEMENTID">
					<choice catalogSelectedValueCod="S">
						<keyValue catalogDataValue="MA" paramTableColId="CODECOUNTRY"/>
						<keyValue catalogDataValue="00230" paramTableColId="COMPANY_COD"/>
						<keyValue catalogDataValue="1" paramTableColId="CODEID"/>
						<keyValue catalogDataValue="fr" paramTableColId="CODELANGUAGE"/>
					</choice>
				</listOfChoices>
				<listOfChoices catalogFilteredValueInd="true" catalogMultipleValueInd="false" dhId="KINDOFID">
					<choice catalogSelectedValueCod="S">
						<keyValue catalogDataValue="00230" paramTableColId="COMPANY_COD"/>
						<keyValue catalogDataValue="6" paramTableColId="CODEID"/>
						<keyValue catalogDataValue="fr" paramTableColId="CODELANGUAGE"/>
						<keyValue catalogDataValue="MA" paramTableColId="CODECOUNTRY"/>
					</choice>
				</listOfChoices>
				<listOfChoices catalogFilteredValueInd="true" catalogMultipleValueInd="false" dhId="OCCURRENCEID">
					<choice catalogSelectedValueCod="S">
						<keyValue catalogDataValue="1" paramTableColId="CODEID"/>
						<keyValue catalogDataValue="fr" paramTableColId="CODELANGUAGE"/>
						<keyValue catalogDataValue="MA" paramTableColId="CODECOUNTRY"/>
						<keyValue catalogDataValue="00230" paramTableColId="COMPANY_COD"/>
					</choice>
				</listOfChoices>
			</versionedContent>
		</characteristic>
		<characteristic companyCode="00230" actionOnCatalog="c" distribChrctId="ACCSR0011">
			<unversionedContent distribChrctTmplId="ProductCost"/>
			<versionedContent catalogStateVersion="v" catalogStartDt="16-12-2013" actionOnCatalog="c">
				<label languageCod="fr">Frais de Dossier</label>
				<inputValue catalogDataValue="100.00" dhId="BORROWERCHARGEPERCENTAGE"/>
				<inputValue catalogDataValue="1" dhId="COSTPAYMENTNUMBER"/>
				<inputValue dhId="CHANGEDISTRIBUTIONALLOWED"/>
				<inputValue catalogDataValue="true" dhId="AUTOMATIC"/>
				<inputValue dhId="CHANGETOTALCOSTAMOUNTALLOWED"/>
				<listOfChoices catalogFilteredValueInd="true" catalogMultipleValueInd="false" dhId="COSTSETTLEMENTID">
					<choice catalogSelectedValueCod="S">
						<keyValue catalogDataValue="2" paramTableColId="CODEID"/>
						<keyValue catalogDataValue="fr" paramTableColId="CODELANGUAGE"/>
						<keyValue catalogDataValue="MA" paramTableColId="CODECOUNTRY"/>
						<keyValue catalogDataValue="00230" paramTableColId="COMPANY_COD"/>
					</choice>
				</listOfChoices>
				<listOfChoices catalogFilteredValueInd="true" catalogMultipleValueInd="false" dhId="COSTPAYMENTFREQUENCYID">
					<choice catalogSelectedValueCod="S">
						<keyValue catalogDataValue="1" paramTableColId="CODEID"/>
						<keyValue catalogDataValue="fr" paramTableColId="CODELANGUAGE"/>
						<keyValue catalogDataValue="MA" paramTableColId="CODECOUNTRY"/>
						<keyValue catalogDataValue="00230" paramTableColId="COMPANY_COD"/>
					</choice>
				</listOfChoices>
				<listOfChoices catalogFilteredValueInd="true" catalogMultipleValueInd="false" dhId="FIRSTCOSTPAYMENTDATEBASE">
					<choice catalogSelectedValueCod="S">
						<keyValue catalogDataValue="4" paramTableColId="CODEID"/>
						<keyValue catalogDataValue="fr" paramTableColId="CODELANGUAGE"/>
						<keyValue catalogDataValue="MA" paramTableColId="CODECOUNTRY"/>
						<keyValue catalogDataValue="00230" paramTableColId="COMPANY_COD"/>
					</choice>
				</listOfChoices>
				<listOfChoices catalogFilteredValueInd="true" catalogMultipleValueInd="false" dhId="KINDOFID">
					<choice catalogSelectedValueCod="S">
						<keyValue catalogDataValue="00230" paramTableColId="COMPANY_COD"/>
						<keyValue catalogDataValue="5" paramTableColId="CODEID"/>
						<keyValue catalogDataValue="fr" paramTableColId="CODELANGUAGE"/>
						<keyValue catalogDataValue="MA" paramTableColId="CODECOUNTRY"/>
					</choice>
				</listOfChoices>
				<listOfChoices catalogFilteredValueInd="true" catalogMultipleValueInd="false" dhId="TYPEID">
					<choice catalogSelectedValueCod="S">
						<keyValue catalogDataValue="2" paramTableColId="CODEID"/>
						<keyValue catalogDataValue="fr" paramTableColId="CODELANGUAGE"/>
						<keyValue catalogDataValue="MA" paramTableColId="CODECOUNTRY"/>
						<keyValue catalogDataValue="00230" paramTableColId="COMPANY_COD"/>
					</choice>
				</listOfChoices>
				<listOfChoices catalogFilteredValueInd="true" catalogMultipleValueInd="false" dhId="OCCURRENCEID">
					<choice catalogSelectedValueCod="S">
						<keyValue catalogDataValue="1" paramTableColId="CODEID"/>
						<keyValue catalogDataValue="fr" paramTableColId="CODELANGUAGE"/>
						<keyValue catalogDataValue="MA" paramTableColId="CODECOUNTRY"/>
						<keyValue catalogDataValue="00230" paramTableColId="COMPANY_COD"/>
					</choice>
				</listOfChoices>
			</versionedContent>
		</characteristic>
		<characteristic companyCode="00230" actionOnCatalog="c" distribChrctId="ACCSR0031">
			<unversionedContent distribChrctTmplId="ProductCost"/>
			<versionedContent catalogStateVersion="v" catalogStartDt="16-12-2013" actionOnCatalog="c">
				<label languageCod="fr">Prime Actuarielle</label>
				<inputValue catalogDataValue="true" dhId="AUTOMATIC"/>
				<inputValue catalogDataValue="false" dhId="CHANGETOTALCOSTAMOUNTALLOWED"/>
				<inputValue catalogDataValue="false" dhId="CHANGEDISTRIBUTIONALLOWED"/>
				<inputValue catalogDataValue="100.00" dhId="BORROWERCHARGEPERCENTAGE"/>
				<listOfChoices catalogFilteredValueInd="true" catalogMultipleValueInd="false" dhId="COSTPAYMENTFREQUENCYID">
					<choice catalogSelectedValueCod="S">
						<keyValue catalogDataValue="2" paramTableColId="CODEID"/>
						<keyValue catalogDataValue="fr" paramTableColId="CODELANGUAGE"/>
						<keyValue catalogDataValue="MA" paramTableColId="CODECOUNTRY"/>
						<keyValue catalogDataValue="00230" paramTableColId="COMPANY_COD"/>
					</choice>
				</listOfChoices>
				<listOfChoices catalogFilteredValueInd="true" catalogMultipleValueInd="false" dhId="COSTSETTLEMENTID">
					<choice catalogSelectedValueCod="S">
						<keyValue catalogDataValue="00230" paramTableColId="COMPANY_COD"/>
						<keyValue catalogDataValue="1" paramTableColId="CODEID"/>
						<keyValue catalogDataValue="fr" paramTableColId="CODELANGUAGE"/>
						<keyValue catalogDataValue="MA" paramTableColId="CODECOUNTRY"/>
					</choice>
				</listOfChoices>
				<listOfChoices catalogFilteredValueInd="true" catalogMultipleValueInd="false" dhId="CALCULATIONBASEID"/>
				<listOfChoices catalogFilteredValueInd="true" catalogMultipleValueInd="false" dhId="FIRSTCOSTPAYMENTDATEBASE">
					<choice catalogSelectedValueCod="S">
						<keyValue catalogDataValue="00230" paramTableColId="COMPANY_COD"/>
						<keyValue catalogDataValue="3" paramTableColId="CODEID"/>
						<keyValue catalogDataValue="MA" paramTableColId="CODECOUNTRY"/>
						<keyValue catalogDataValue="fr" paramTableColId="CODELANGUAGE"/>
					</choice>
				</listOfChoices>
				<listOfChoices catalogFilteredValueInd="true" catalogMultipleValueInd="false" dhId="KINDOFID">
					<choice catalogSelectedValueCod="S">
						<keyValue catalogDataValue="6" paramTableColId="CODEID"/>
						<keyValue catalogDataValue="fr" paramTableColId="CODELANGUAGE"/>
						<keyValue catalogDataValue="MA" paramTableColId="CODECOUNTRY"/>
						<keyValue catalogDataValue="00230" paramTableColId="COMPANY_COD"/>
					</choice>
				</listOfChoices>
				<listOfChoices catalogFilteredValueInd="true" catalogMultipleValueInd="false" dhId="OCCURRENCEID">
					<choice catalogSelectedValueCod="S">
						<keyValue catalogDataValue="MA" paramTableColId="CODECOUNTRY"/>
						<keyValue catalogDataValue="00230" paramTableColId="COMPANY_COD"/>
						<keyValue catalogDataValue="1" paramTableColId="CODEID"/>
						<keyValue catalogDataValue="fr" paramTableColId="CODELANGUAGE"/>
					</choice>
				</listOfChoices>
				<listOfChoices catalogFilteredValueInd="true" catalogMultipleValueInd="false" dhId="TYPEID">
					<choice catalogSelectedValueCod="S">
						<keyValue catalogDataValue="fr" paramTableColId="CODELANGUAGE"/>
						<keyValue catalogDataValue="MA" paramTableColId="CODECOUNTRY"/>
						<keyValue catalogDataValue="00230" paramTableColId="COMPANY_COD"/>
						<keyValue catalogDataValue="6" paramTableColId="CODEID"/>
					</choice>
				</listOfChoices>
			</versionedContent>
		</characteristic>
		<characteristic companyCode="00230" actionOnCatalog="c" distribChrctId="CRITSELCONS010">
			<unversionedContent distribChrctTmplId="ProductConditions"/>
			<versionedContent catalogStateVersion="v" catalogStartDt="22-05-2014" actionOnCatalog="c">
				<label languageCod="fr">Critères de sélection Tamadrouss</label>
				<inputValue catalogDataMaxValue="40.000000" catalogDataMinValue="0" dhId="DEBTTOICOMERATIO"/>
				<inputValue catalogDataMaxValue="100.000000" catalogDataMinValue="0" dhId="LOANTOVALUERATIO"/>
				<inputValue catalogDataMaxValue="15" catalogDataMinValue="6" dhId="LOANDURATION"/>
				<inputValue catalogDataMaxValue="65" catalogDataMinValue="18" dhId="MAINAPPLICANTAGE"/>
				<listOfChoices catalogFilteredValueInd="true" catalogMultipleValueInd="false" dhId="PRODUCTCATEGORYID">
					<choice catalogSelectedValueCod="S">
						<keyValue catalogDataValue="2" paramTableColId="CODEID"/>
						<keyValue catalogDataValue="fr" paramTableColId="CODELANGUAGE"/>
						<keyValue catalogDataValue="MA" paramTableColId="CODECOUNTRY"/>
						<keyValue catalogDataValue="00230" paramTableColId="COMPANY_COD"/>
					</choice>
				</listOfChoices>
				<listOfChoices catalogFilteredValueInd="false" catalogMultipleValueInd="false" dhId="BRAND">
					<choice catalogSelectedValueCod="S">
						<keyValue catalogDataValue="230" paramTableColId="CODEID"/>
						<keyValue catalogDataValue="fr" paramTableColId="CODELANGUAGE"/>
						<keyValue catalogDataValue="MA" paramTableColId="CODECOUNTRY"/>
						<keyValue catalogDataValue="00230" paramTableColId="COMPANY_COD"/>
					</choice>
				</listOfChoices>
				<listOfChoices catalogFilteredValueInd="true" catalogMultipleValueInd="false" dhId="PRODUCTFINANCINGGOALCONDITION">
					<choice catalogSelectedValueCod="S">
						<keyValue catalogDataValue="2" paramTableColId="CODEID"/>
						<keyValue catalogDataValue="fr" paramTableColId="CODELANGUAGE"/>
						<keyValue catalogDataValue="MA" paramTableColId="CODECOUNTRY"/>
						<keyValue catalogDataValue="00230" paramTableColId="COMPANY_COD"/>
					</choice>
				</listOfChoices>
			</versionedContent>
		</characteristic>
		
				<characteristic companyCode="00230" actionOnCatalog="c" distribChrctId="CRITSELFOGALEF002">
			<unversionedContent distribChrctTmplId="ProductConditions"/>
			<versionedContent catalogStateVersion="v" catalogStartDt="24-03-2014" actionOnCatalog="c">
				<label languageCod="fr">Critères de sélection Fogalef exceptionnel</label>
				<inputValue catalogDataMaxValue="65" catalogDataMinValue="18" dhId="MAINAPPLICANTAGE"/>
				<inputValue catalogDataMaxValue="45.000000" catalogDataMinValue="0" dhId="DEBTTOICOMERATIO"/>
				<inputValue catalogDataMaxValue="100.000000" catalogDataMinValue="0" dhId="LOANTOVALUERATIO"/>
				<inputValue catalogDataMaxValue="120" catalogDataMinValue="24" dhId="LOANDURATION"/>
				<listOfChoices catalogFilteredValueInd="true" catalogMultipleValueInd="false" dhId="PRODUCTFINANCINGGOALCONDITION">
					<choice catalogSelectedValueCod="S">
						<keyValue catalogDataValue="4" paramTableColId="CODEID"/>
						<keyValue catalogDataValue="fr" paramTableColId="CODELANGUAGE"/>
						<keyValue catalogDataValue="MA" paramTableColId="CODECOUNTRY"/>
						<keyValue catalogDataValue="00230" paramTableColId="COMPANY_COD"/>
					</choice>
				</listOfChoices>
				<listOfChoices catalogFilteredValueInd="true" catalogMultipleValueInd="false" dhId="PRODUCTCATEGORYID">
					<choice catalogSelectedValueCod="S">
						<keyValue catalogDataValue="4" paramTableColId="CODEID"/>
						<keyValue catalogDataValue="MA" paramTableColId="CODECOUNTRY"/>
						<keyValue catalogDataValue="fr" paramTableColId="CODELANGUAGE"/>
						<keyValue catalogDataValue="00230" paramTableColId="COMPANY_COD"/>
					</choice>
				</listOfChoices>
				<listOfChoices catalogFilteredValueInd="true" catalogMultipleValueInd="false" dhId="BRAND">
					<choice catalogSelectedValueCod="S">
						<keyValue catalogDataValue="MA" paramTableColId="CODECOUNTRY"/>
						<keyValue catalogDataValue="00230" paramTableColId="COMPANY_COD"/>
						<keyValue catalogDataValue="230" paramTableColId="CODEID"/>
						<keyValue catalogDataValue="fr" paramTableColId="CODELANGUAGE"/>
					</choice>
				</listOfChoices>
			</versionedContent>
		</characteristic>
			<characteristic companyCode="00230" actionOnCatalog="c" distribChrctId="CRITSEL010">
			<unversionedContent distribChrctTmplId="ProductConditions"/>
			<versionedContent catalogStateVersion="v" catalogStartDt="23-04-2014" actionOnCatalog="c">
				<label languageCod="fr">Critères de sélection Amenagement</label>
				<inputValue catalogDataMaxValue="45.000000" catalogDataMinValue="0" dhId="DEBTTOICOMERATIO"/>
				<inputValue catalogDataMaxValue="100.000000" catalogDataMinValue="0" dhId="LOANTOVALUERATIO"/>
				<inputValue catalogDataMaxValue="300" catalogDataMinValue="24" dhId="LOANDURATION"/>
				<inputValue catalogDataMaxValue="65" catalogDataMinValue="18" dhId="MAINAPPLICANTAGE"/>
				<listOfChoices catalogFilteredValueInd="true" catalogMultipleValueInd="false" dhId="PRODUCTCATEGORYID">
					<choice catalogSelectedValueCod="S">
						<keyValue catalogDataValue="fr" paramTableColId="CODELANGUAGE"/>
						<keyValue catalogDataValue="MA" paramTableColId="CODECOUNTRY"/>
						<keyValue catalogDataValue="00230" paramTableColId="COMPANY_COD"/>
						<keyValue catalogDataValue="4" paramTableColId="CODEID"/>
					</choice>
				</listOfChoices>
				<listOfChoices catalogFilteredValueInd="false" catalogMultipleValueInd="false" dhId="BRAND">
					<choice catalogSelectedValueCod="S">
						<keyValue catalogDataValue="fr" paramTableColId="CODELANGUAGE"/>
						<keyValue catalogDataValue="MA" paramTableColId="CODECOUNTRY"/>
						<keyValue catalogDataValue="00230" paramTableColId="COMPANY_COD"/>
						<keyValue catalogDataValue="230" paramTableColId="CODEID"/>
					</choice>
				</listOfChoices>
				<listOfChoices catalogFilteredValueInd="true" catalogMultipleValueInd="false" dhId="PRODUCTFINANCINGGOALCONDITION">
					<choice catalogSelectedValueCod="S">
						<keyValue catalogDataValue="00230" paramTableColId="COMPANY_COD"/>
						<keyValue catalogDataValue="3" paramTableColId="CODEID"/>
						<keyValue catalogDataValue="fr" paramTableColId="CODELANGUAGE"/>
						<keyValue catalogDataValue="MA" paramTableColId="CODECOUNTRY"/>
					</choice>
				</listOfChoices>
			</versionedContent>
		</characteristic>
		
			<characteristic companyCode="00230" actionOnCatalog="c" distribChrctId="CRITSEL013">
			<unversionedContent distribChrctTmplId="ProductConditions"/>
			<versionedContent catalogStateVersion="v" catalogStartDt="24-04-2014" actionOnCatalog="c">
				<label languageCod="fr">Critères de sélection Salam Constr</label>
				<inputValue catalogDataMaxValue="40.000000" catalogDataMinValue="0" dhId="DEBTTOICOMERATIO"/>
				<inputValue catalogDataMaxValue="70.000000" catalogDataMinValue="0" dhId="LOANTOVALUERATIO"/>
				<inputValue catalogDataMaxValue="180" catalogDataMinValue="24" dhId="LOANDURATION"/>
				<inputValue catalogDataMaxValue="65" catalogDataMinValue="18" dhId="MAINAPPLICANTAGE"/>
				<listOfChoices catalogFilteredValueInd="false" catalogMultipleValueInd="false" dhId="BRAND">
					<choice catalogSelectedValueCod="S">
						<keyValue catalogDataValue="230" paramTableColId="CODEID"/>
						<keyValue catalogDataValue="fr" paramTableColId="CODELANGUAGE"/>
						<keyValue catalogDataValue="MA" paramTableColId="CODECOUNTRY"/>
						<keyValue catalogDataValue="00230" paramTableColId="COMPANY_COD"/>
					</choice>
				</listOfChoices>
				<listOfChoices catalogFilteredValueInd="true" catalogMultipleValueInd="false" dhId="PRODUCTFINANCINGGOALCONDITION">
					<choice catalogSelectedValueCod="S">
						<keyValue catalogDataValue="7" paramTableColId="CODEID"/>
						<keyValue catalogDataValue="fr" paramTableColId="CODELANGUAGE"/>
						<keyValue catalogDataValue="MA" paramTableColId="CODECOUNTRY"/>
						<keyValue catalogDataValue="00230" paramTableColId="COMPANY_COD"/>
					</choice>
				</listOfChoices>
				<listOfChoices catalogFilteredValueInd="true" catalogMultipleValueInd="false" dhId="PRODUCTCATEGORYID">
					<choice catalogSelectedValueCod="S">
						<keyValue catalogDataValue="4" paramTableColId="CODEID"/>
						<keyValue catalogDataValue="fr" paramTableColId="CODELANGUAGE"/>
						<keyValue catalogDataValue="MA" paramTableColId="CODECOUNTRY"/>
						<keyValue catalogDataValue="00230" paramTableColId="COMPANY_COD"/>
					</choice>
				</listOfChoices>
			</versionedContent>
		</characteristic>
		
				<characteristic companyCode="00230" actionOnCatalog="c" distribChrctId="CRITSEL012">
			<unversionedContent distribChrctTmplId="ProductConditions"/>
			<versionedContent catalogStateVersion="v" catalogStartDt="24-04-2014" actionOnCatalog="c">
				<label languageCod="fr">Critères de sélection Salam Acq</label>
				<inputValue catalogDataMaxValue="180" catalogDataMinValue="24" dhId="LOANDURATION"/>
				<inputValue catalogDataMaxValue="65" catalogDataMinValue="18" dhId="MAINAPPLICANTAGE"/>
				<inputValue catalogDataMaxValue="40.000000" catalogDataMinValue="0" dhId="DEBTTOICOMERATIO"/>
				<inputValue catalogDataMaxValue="70.000000" catalogDataMinValue="0" dhId="LOANTOVALUERATIO"/>
				<listOfChoices catalogFilteredValueInd="true" catalogMultipleValueInd="false" dhId="PRODUCTFINANCINGGOALCONDITION">
					<choice catalogSelectedValueCod="S">
						<keyValue catalogDataValue="4" paramTableColId="CODEID"/>
						<keyValue catalogDataValue="fr" paramTableColId="CODELANGUAGE"/>
						<keyValue catalogDataValue="MA" paramTableColId="CODECOUNTRY"/>
						<keyValue catalogDataValue="00230" paramTableColId="COMPANY_COD"/>
					</choice>
				</listOfChoices>
				<listOfChoices catalogFilteredValueInd="true" catalogMultipleValueInd="false" dhId="PRODUCTCATEGORYID">
					<choice catalogSelectedValueCod="S">
						<keyValue catalogDataValue="fr" paramTableColId="CODELANGUAGE"/>
						<keyValue catalogDataValue="MA" paramTableColId="CODECOUNTRY"/>
						<keyValue catalogDataValue="00230" paramTableColId="COMPANY_COD"/>
						<keyValue catalogDataValue="4" paramTableColId="CODEID"/>
					</choice>
				</listOfChoices>
				<listOfChoices catalogFilteredValueInd="false" catalogMultipleValueInd="false" dhId="BRAND">
					<choice catalogSelectedValueCod="S">
						<keyValue catalogDataValue="00230" paramTableColId="COMPANY_COD"/>
						<keyValue catalogDataValue="230" paramTableColId="CODEID"/>
						<keyValue catalogDataValue="fr" paramTableColId="CODELANGUAGE"/>
						<keyValue catalogDataValue="MA" paramTableColId="CODECOUNTRY"/>
					</choice>
				</listOfChoices>
			</versionedContent>
		</characteristic>
		
				<characteristic companyCode="00230" actionOnCatalog="c" distribChrctId="CRITSELFOGALEF001">
			<unversionedContent distribChrctTmplId="ProductConditions"/>
			<versionedContent catalogStateVersion="v" catalogStartDt="24-03-2014" actionOnCatalog="c">
				<label languageCod="fr">Critères de sélection</label>
				<inputValue catalogDataMaxValue="100.000000" catalogDataMinValue="0" dhId="LOANTOVALUERATIO"/>
				<inputValue catalogDataMaxValue="240" catalogDataMinValue="24" dhId="LOANDURATION"/>
				<inputValue catalogDataMaxValue="65" catalogDataMinValue="18" dhId="MAINAPPLICANTAGE"/>
				<inputValue catalogDataMaxValue="45.000000" catalogDataMinValue="0" dhId="DEBTTOICOMERATIO"/>
				<listOfChoices catalogFilteredValueInd="true" catalogMultipleValueInd="false" dhId="PRODUCTCATEGORYID">
					<choice catalogSelectedValueCod="S">
						<keyValue catalogDataValue="4" paramTableColId="CODEID"/>
						<keyValue catalogDataValue="fr" paramTableColId="CODELANGUAGE"/>
						<keyValue catalogDataValue="MA" paramTableColId="CODECOUNTRY"/>
						<keyValue catalogDataValue="00230" paramTableColId="COMPANY_COD"/>
					</choice>
				</listOfChoices>
				<listOfChoices catalogFilteredValueInd="true" catalogMultipleValueInd="false" dhId="BRAND">
					<choice catalogSelectedValueCod="S">
						<keyValue catalogDataValue="00230" paramTableColId="COMPANY_COD"/>
						<keyValue catalogDataValue="230" paramTableColId="CODEID"/>
						<keyValue catalogDataValue="fr" paramTableColId="CODELANGUAGE"/>
						<keyValue catalogDataValue="MA" paramTableColId="CODECOUNTRY"/>
					</choice>
				</listOfChoices>
				<listOfChoices catalogFilteredValueInd="true" catalogMultipleValueInd="false" dhId="PRODUCTFINANCINGGOALCONDITION">
					<choice catalogSelectedValueCod="S">
						<keyValue catalogDataValue="4" paramTableColId="CODEID"/>
						<keyValue catalogDataValue="fr" paramTableColId="CODELANGUAGE"/>
						<keyValue catalogDataValue="MA" paramTableColId="CODECOUNTRY"/>
						<keyValue catalogDataValue="00230" paramTableColId="COMPANY_COD"/>
					</choice>
				</listOfChoices>
			</versionedContent>
		</characteristic>
		
				<characteristic companyCode="00230" actionOnCatalog="c" distribChrctId="CRITSELTAMADROUSS01">
			<unversionedContent distribChrctTmplId="ProductConditions"/>
			<versionedContent catalogStateVersion="v" catalogStartDt="22-05-2014" actionOnCatalog="c">
				<label languageCod="fr">Critères de sélection Tamadrouss</label>
				<inputValue catalogDataMaxValue="100.000000" catalogDataMinValue="0" dhId="LOANTOVALUERATIO"/>
				<inputValue catalogDataMaxValue="36" catalogDataMinValue="6" dhId="LOANDURATION"/>
				<inputValue catalogDataMaxValue="65" catalogDataMinValue="18" dhId="MAINAPPLICANTAGE"/>
				<inputValue catalogDataMaxValue="40.000000" catalogDataMinValue="0" dhId="DEBTTOICOMERATIO"/>
				<listOfChoices catalogFilteredValueInd="true" catalogMultipleValueInd="false" dhId="PRODUCTCATEGORYID">
					<choice catalogSelectedValueCod="S">
						<keyValue catalogDataValue="2" paramTableColId="CODEID"/>
						<keyValue catalogDataValue="fr" paramTableColId="CODELANGUAGE"/>
						<keyValue catalogDataValue="MA" paramTableColId="CODECOUNTRY"/>
						<keyValue catalogDataValue="00230" paramTableColId="COMPANY_COD"/>
					</choice>
				</listOfChoices>
				<listOfChoices catalogFilteredValueInd="false" catalogMultipleValueInd="false" dhId="BRAND">
					<choice catalogSelectedValueCod="S">
						<keyValue catalogDataValue="230" paramTableColId="CODEID"/>
						<keyValue catalogDataValue="fr" paramTableColId="CODELANGUAGE"/>
						<keyValue catalogDataValue="MA" paramTableColId="CODECOUNTRY"/>
						<keyValue catalogDataValue="00230" paramTableColId="COMPANY_COD"/>
					</choice>
				</listOfChoices>
				<listOfChoices catalogFilteredValueInd="true" catalogMultipleValueInd="false" dhId="PRODUCTFINANCINGGOALCONDITION">
					<choice catalogSelectedValueCod="S">
						<keyValue catalogDataValue="2" paramTableColId="CODEID"/>
						<keyValue catalogDataValue="fr" paramTableColId="CODELANGUAGE"/>
						<keyValue catalogDataValue="MA" paramTableColId="CODECOUNTRY"/>
						<keyValue catalogDataValue="00230" paramTableColId="COMPANY_COD"/>
					</choice>
				</listOfChoices>
			</versionedContent>
		</characteristic>
			<characteristic companyCode="00230" actionOnCatalog="c" distribChrctId="CRITSELTARFIH01">
			<unversionedContent distribChrctTmplId="ProductConditions"/>
			<versionedContent catalogStateVersion="v" catalogStartDt="22-05-2014" actionOnCatalog="c">
				<label languageCod="fr">Critere tarfih</label>
				<inputValue catalogDataMaxValue="100.000000" catalogDataMinValue="0" dhId="LOANTOVALUERATIO"/>
				<inputValue catalogDataMaxValue="18" catalogDataMinValue="6" dhId="LOANDURATION"/>
				<inputValue catalogDataMaxValue="65" catalogDataMinValue="18" dhId="MAINAPPLICANTAGE"/>
				<inputValue catalogDataMaxValue="45.000000" catalogDataMinValue="0" dhId="DEBTTOICOMERATIO"/>
				<listOfChoices catalogFilteredValueInd="true" catalogMultipleValueInd="false" dhId="PRODUCTFINANCINGGOALCONDITION">
					<choice catalogSelectedValueCod="S">
						<keyValue catalogDataValue="2" paramTableColId="CODEID"/>
						<keyValue catalogDataValue="fr" paramTableColId="CODELANGUAGE"/>
						<keyValue catalogDataValue="MA" paramTableColId="CODECOUNTRY"/>
						<keyValue catalogDataValue="00230" paramTableColId="COMPANY_COD"/>
					</choice>
				</listOfChoices>
				<listOfChoices catalogFilteredValueInd="true" catalogMultipleValueInd="false" dhId="PRODUCTCATEGORYID">
					<choice catalogSelectedValueCod="S">
						<keyValue catalogDataValue="00230" paramTableColId="COMPANY_COD"/>
						<keyValue catalogDataValue="2" paramTableColId="CODEID"/>
						<keyValue catalogDataValue="fr" paramTableColId="CODELANGUAGE"/>
						<keyValue catalogDataValue="MA" paramTableColId="CODECOUNTRY"/>
					</choice>
				</listOfChoices>
				<listOfChoices catalogFilteredValueInd="false" catalogMultipleValueInd="false" dhId="BRAND">
					<choice catalogSelectedValueCod="S">
						<keyValue catalogDataValue="230" paramTableColId="CODEID"/>
						<keyValue catalogDataValue="fr" paramTableColId="CODELANGUAGE"/>
						<keyValue catalogDataValue="MA" paramTableColId="CODECOUNTRY"/>
						<keyValue catalogDataValue="00230" paramTableColId="COMPANY_COD"/>
					</choice>
				</listOfChoices>
			</versionedContent>
		</characteristic>
		<characteristic companyCode="00230" actionOnCatalog="c" distribChrctId="CRITSEL004">
			<unversionedContent distribChrctTmplId="ProductConditions"/>
			<versionedContent catalogStateVersion="v" catalogStartDt="05-02-2014" actionOnCatalog="c">
				<label languageCod="fr">Critères de sélection</label>
				<inputValue catalogDataMinValue="18" dhId="MAINAPPLICANTAGE"/>
				<inputValue catalogDataMaxValue="300" catalogDataMinValue="24" dhId="LOANDURATION"/>
				<inputValue catalogDataMaxValue="40.000000" catalogDataMinValue="0" dhId="DEBTTOICOMERATIO"/>
				<inputValue catalogDataMaxValue="100.000000" catalogDataMinValue="0" dhId="LOANTOVALUERATIO"/>
				<listOfChoices catalogFilteredValueInd="true" catalogMultipleValueInd="false" dhId="BRAND">
					<choice catalogSelectedValueCod="S">
						<keyValue catalogDataValue="230" paramTableColId="CODEID"/>
						<keyValue catalogDataValue="fr" paramTableColId="CODELANGUAGE"/>
						<keyValue catalogDataValue="MA" paramTableColId="CODECOUNTRY"/>
						<keyValue catalogDataValue="00230" paramTableColId="COMPANY_COD"/>
					</choice>
				</listOfChoices>
				<listOfChoices catalogFilteredValueInd="true" catalogMultipleValueInd="false" dhId="PRODUCTFINANCINGGOALCONDITION">
					<choice catalogSelectedValueCod="S">
						<keyValue catalogDataValue="MA" paramTableColId="CODECOUNTRY"/>
						<keyValue catalogDataValue="00230" paramTableColId="COMPANY_COD"/>
						<keyValue catalogDataValue="7" paramTableColId="CODEID"/>
						<keyValue catalogDataValue="fr" paramTableColId="CODELANGUAGE"/>
					</choice>
				</listOfChoices>
				<listOfChoices catalogFilteredValueInd="true" catalogMultipleValueInd="false" dhId="PRODUCTCATEGORYID">
					<choice catalogSelectedValueCod="S">
						<keyValue catalogDataValue="4" paramTableColId="CODEID"/>
						<keyValue catalogDataValue="fr" paramTableColId="CODELANGUAGE"/>
						<keyValue catalogDataValue="MA" paramTableColId="CODECOUNTRY"/>
						<keyValue catalogDataValue="00230" paramTableColId="COMPANY_COD"/>
					</choice>
				</listOfChoices>
			</versionedContent>
		</characteristic>
		
				<characteristic companyCode="00230" actionOnCatalog="c" distribChrctId="CRITSEL009">
			<unversionedContent distribChrctTmplId="ProductConditions"/>
			<versionedContent catalogStateVersion="v" catalogStartDt="22-04-2014" actionOnCatalog="c">
				<label languageCod="fr">Critères de sélection acquisition et construction</label>
				<inputValue catalogDataMaxValue="65" catalogDataMinValue="18" dhId="MAINAPPLICANTAGE"/>
				<inputValue catalogDataMaxValue="40.000000" catalogDataMinValue="0" dhId="DEBTTOICOMERATIO"/>
				<inputValue catalogDataMaxValue="100.000000" catalogDataMinValue="0" dhId="LOANTOVALUERATIO"/>
				<inputValue catalogDataMaxValue="300" catalogDataMinValue="24" dhId="LOANDURATION"/>
				<listOfChoices catalogFilteredValueInd="true" catalogMultipleValueInd="false" dhId="PRODUCTCATEGORYID">
					<choice catalogSelectedValueCod="S">
						<keyValue catalogDataValue="fr" paramTableColId="CODELANGUAGE"/>
						<keyValue catalogDataValue="MA" paramTableColId="CODECOUNTRY"/>
						<keyValue catalogDataValue="00230" paramTableColId="COMPANY_COD"/>
						<keyValue catalogDataValue="4" paramTableColId="CODEID"/>
					</choice>
				</listOfChoices>
				<listOfChoices catalogFilteredValueInd="true" catalogMultipleValueInd="false" dhId="BRAND">
					<choice catalogSelectedValueCod="S">
						<keyValue catalogDataValue="230" paramTableColId="CODEID"/>
						<keyValue catalogDataValue="fr" paramTableColId="CODELANGUAGE"/>
						<keyValue catalogDataValue="MA" paramTableColId="CODECOUNTRY"/>
						<keyValue catalogDataValue="00230" paramTableColId="COMPANY_COD"/>
					</choice>
				</listOfChoices>
				<listOfChoices catalogFilteredValueInd="true" catalogMultipleValueInd="false" dhId="PRODUCTFINANCINGGOALCONDITION">
					<choice catalogSelectedValueCod="S">
						<keyValue catalogDataValue="5" paramTableColId="CODEID"/>
						<keyValue catalogDataValue="fr" paramTableColId="CODELANGUAGE"/>
						<keyValue catalogDataValue="MA" paramTableColId="CODECOUNTRY"/>
						<keyValue catalogDataValue="00230" paramTableColId="COMPANY_COD"/>
					</choice>
				</listOfChoices>
			</versionedContent>
		</characteristic>
				<characteristic companyCode="00230" actionOnCatalog="c" distribChrctId="CRITSELRAHA01">
			<unversionedContent distribChrctTmplId="ProductConditions"/>
			<versionedContent catalogStateVersion="v" catalogStartDt="23-04-2014" actionOnCatalog="c">
				<label languageCod="fr">Critères de sélection RAHA</label>
				<inputValue catalogDataMaxValue="65" catalogDataMinValue="18" dhId="MAINAPPLICANTAGE"/>
				<inputValue catalogDataMaxValue="100.000000" catalogDataMinValue="0" dhId="LOANTOVALUERATIO"/>
				<inputValue catalogDataMaxValue="300" catalogDataMinValue="24" dhId="LOANDURATION"/>
				<inputValue catalogDataMaxValue="45.000000" catalogDataMinValue="0" dhId="DEBTTOICOMERATIO"/>
				<listOfChoices catalogFilteredValueInd="true" catalogMultipleValueInd="false" dhId="PRODUCTFINANCINGGOALCONDITION">
					<choice catalogSelectedValueCod="S">
						<keyValue catalogDataValue="00230" paramTableColId="COMPANY_COD"/>
						<keyValue catalogDataValue="5" paramTableColId="CODEID"/>
						<keyValue catalogDataValue="fr" paramTableColId="CODELANGUAGE"/>
						<keyValue catalogDataValue="MA" paramTableColId="CODECOUNTRY"/>
					</choice>
				</listOfChoices>
				<listOfChoices catalogFilteredValueInd="true" catalogMultipleValueInd="false" dhId="PRODUCTCATEGORYID">
					<choice catalogSelectedValueCod="S">
						<keyValue catalogDataValue="4" paramTableColId="CODEID"/>
						<keyValue catalogDataValue="fr" paramTableColId="CODELANGUAGE"/>
						<keyValue catalogDataValue="MA" paramTableColId="CODECOUNTRY"/>
						<keyValue catalogDataValue="00230" paramTableColId="COMPANY_COD"/>
					</choice>
				</listOfChoices>
				<listOfChoices catalogFilteredValueInd="false" catalogMultipleValueInd="false" dhId="BRAND">
					<choice catalogSelectedValueCod="S">
						<keyValue catalogDataValue="230" paramTableColId="CODEID"/>
						<keyValue catalogDataValue="fr" paramTableColId="CODELANGUAGE"/>
						<keyValue catalogDataValue="MA" paramTableColId="CODECOUNTRY"/>
						<keyValue catalogDataValue="00230" paramTableColId="COMPANY_COD"/>
					</choice>
				</listOfChoices>
			</versionedContent>
		</characteristic>
				<characteristic companyCode="00230" actionOnCatalog="c" distribChrctId="CRITSEL011">
			<unversionedContent distribChrctTmplId="ProductConditions"/>
			<versionedContent catalogStateVersion="v" catalogStartDt="23-04-2014" actionOnCatalog="c">
				<label languageCod="fr">Critères de sélection ISKANE ARD</label>
				<inputValue catalogDataMaxValue="65" catalogDataMinValue="18" dhId="MAINAPPLICANTAGE"/>
				<inputValue catalogDataMaxValue="100.000000" catalogDataMinValue="0" dhId="LOANTOVALUERATIO"/>
				<inputValue catalogDataMaxValue="84" catalogDataMinValue="24" dhId="LOANDURATION"/>
				<inputValue catalogDataMaxValue="45.000000" catalogDataMinValue="0" dhId="DEBTTOICOMERATIO"/>
				<listOfChoices catalogFilteredValueInd="true" catalogMultipleValueInd="false" dhId="PRODUCTCATEGORYID">
					<choice catalogSelectedValueCod="S">
						<keyValue catalogDataValue="4" paramTableColId="CODEID"/>
						<keyValue catalogDataValue="fr" paramTableColId="CODELANGUAGE"/>
						<keyValue catalogDataValue="MA" paramTableColId="CODECOUNTRY"/>
						<keyValue catalogDataValue="00230" paramTableColId="COMPANY_COD"/>
					</choice>
				</listOfChoices>
				<listOfChoices catalogFilteredValueInd="false" catalogMultipleValueInd="true" dhId="ELIGIBILITYRULENAMEID"/>
				<listOfChoices catalogFilteredValueInd="false" catalogMultipleValueInd="false" dhId="BRAND">
					<choice catalogSelectedValueCod="S">
						<keyValue catalogDataValue="230" paramTableColId="CODEID"/>
						<keyValue catalogDataValue="fr" paramTableColId="CODELANGUAGE"/>
						<keyValue catalogDataValue="MA" paramTableColId="CODECOUNTRY"/>
						<keyValue catalogDataValue="00230" paramTableColId="COMPANY_COD"/>
					</choice>
				</listOfChoices>
				<listOfChoices catalogFilteredValueInd="true" catalogMultipleValueInd="false" dhId="PRODUCTFINANCINGGOALCONDITION">
					<choice catalogSelectedValueCod="S">
						<keyValue catalogDataValue="MA" paramTableColId="CODECOUNTRY"/>
						<keyValue catalogDataValue="00230" paramTableColId="COMPANY_COD"/>
						<keyValue catalogDataValue="4" paramTableColId="CODEID"/>
						<keyValue catalogDataValue="fr" paramTableColId="CODELANGUAGE"/>
					</choice>
				</listOfChoices>
			</versionedContent>
		</characteristic>
		
				<characteristic companyCode="00230" actionOnCatalog="c" distribChrctId="CRITSELFOGALEF004">
			<unversionedContent distribChrctTmplId="ProductConditions"/>
			<versionedContent catalogStateVersion="v" catalogStartDt="24-03-2014" actionOnCatalog="c">
				<label languageCod="fr">Critères de sélection Fogalef exceptionnel Const</label>
				<inputValue catalogDataMaxValue="45.000000" catalogDataMinValue="0" dhId="DEBTTOICOMERATIO"/>
				<inputValue catalogDataMaxValue="100.000000" catalogDataMinValue="0" dhId="LOANTOVALUERATIO"/>
				<inputValue catalogDataMaxValue="120" catalogDataMinValue="24" dhId="LOANDURATION"/>
				<inputValue catalogDataMaxValue="65" catalogDataMinValue="18" dhId="MAINAPPLICANTAGE"/>
				<listOfChoices catalogFilteredValueInd="false" catalogMultipleValueInd="false" dhId="BRAND">
					<choice catalogSelectedValueCod="S">
						<keyValue catalogDataValue="fr" paramTableColId="CODELANGUAGE"/>
						<keyValue catalogDataValue="MA" paramTableColId="CODECOUNTRY"/>
						<keyValue catalogDataValue="00230" paramTableColId="COMPANY_COD"/>
						<keyValue catalogDataValue="230" paramTableColId="CODEID"/>
					</choice>
				</listOfChoices>
				<listOfChoices catalogFilteredValueInd="true" catalogMultipleValueInd="false" dhId="PRODUCTFINANCINGGOALCONDITION">
					<choice catalogSelectedValueCod="S">
						<keyValue catalogDataValue="00230" paramTableColId="COMPANY_COD"/>
						<keyValue catalogDataValue="7" paramTableColId="CODEID"/>
						<keyValue catalogDataValue="fr" paramTableColId="CODELANGUAGE"/>
						<keyValue catalogDataValue="MA" paramTableColId="CODECOUNTRY"/>
					</choice>
				</listOfChoices>
				<listOfChoices catalogFilteredValueInd="true" catalogMultipleValueInd="false" dhId="PRODUCTCATEGORYID">
					<choice catalogSelectedValueCod="S">
						<keyValue catalogDataValue="fr" paramTableColId="CODELANGUAGE"/>
						<keyValue catalogDataValue="MA" paramTableColId="CODECOUNTRY"/>
						<keyValue catalogDataValue="00230" paramTableColId="COMPANY_COD"/>
						<keyValue catalogDataValue="4" paramTableColId="CODEID"/>
					</choice>
				</listOfChoices>
			</versionedContent>
		</characteristic>
		
				<characteristic companyCode="00230" actionOnCatalog="c" distribChrctId="CRITSEL001">
			<unversionedContent distribChrctTmplId="ProductConditions"/>
			<versionedContent catalogStateVersion="v" catalogStartDt="16-12-2013" actionOnCatalog="c">
				<label languageCod="fr">Critères de Sélection</label>
				<inputValue catalogDataValue="40.000000" catalogDataMaxValue="40.000000" catalogDataMinValue="0" dhId="DEBTTOICOMERATIO"/>
				<inputValue catalogDataValue="100.000000" dhId="LOANTOVALUERATIO"/>
				<listOfChoices catalogFilteredValueInd="true" catalogMultipleValueInd="false" dhId="PRODUCTFINANCINGGOALCONDITION">
					<choice>
						<keyValue catalogDataValue="6" paramTableColId="CODEID"/>
						<keyValue catalogDataValue="fr" paramTableColId="CODELANGUAGE"/>
						<keyValue catalogDataValue="MA" paramTableColId="CODECOUNTRY"/>
						<keyValue catalogDataValue="00230" paramTableColId="COMPANY_COD"/>
					</choice>
					<choice>
						<keyValue catalogDataValue="fr" paramTableColId="CODELANGUAGE"/>
						<keyValue catalogDataValue="MA" paramTableColId="CODECOUNTRY"/>
						<keyValue catalogDataValue="00230" paramTableColId="COMPANY_COD"/>
						<keyValue catalogDataValue="3" paramTableColId="CODEID"/>
					</choice>
					<choice catalogSelectedValueCod="D">
						<keyValue catalogDataValue="00230" paramTableColId="COMPANY_COD"/>
						<keyValue catalogDataValue="4" paramTableColId="CODEID"/>
						<keyValue catalogDataValue="fr" paramTableColId="CODELANGUAGE"/>
						<keyValue catalogDataValue="MA" paramTableColId="CODECOUNTRY"/>
					</choice>
					<choice>
						<keyValue catalogDataValue="5" paramTableColId="CODEID"/>
						<keyValue catalogDataValue="fr" paramTableColId="CODELANGUAGE"/>
						<keyValue catalogDataValue="MA" paramTableColId="CODECOUNTRY"/>
						<keyValue catalogDataValue="00230" paramTableColId="COMPANY_COD"/>
					</choice>
					<choice>
						<keyValue catalogDataValue="7" paramTableColId="CODEID"/>
						<keyValue catalogDataValue="fr" paramTableColId="CODELANGUAGE"/>
						<keyValue catalogDataValue="MA" paramTableColId="CODECOUNTRY"/>
						<keyValue catalogDataValue="00230" paramTableColId="COMPANY_COD"/>
					</choice>
				</listOfChoices>
				<listOfChoices catalogFilteredValueInd="true" catalogMultipleValueInd="false" dhId="PRODUCTCATEGORYID">
					<choice catalogSelectedValueCod="S">
						<keyValue catalogDataValue="4" paramTableColId="CODEID"/>
						<keyValue catalogDataValue="fr" paramTableColId="CODELANGUAGE"/>
						<keyValue catalogDataValue="MA" paramTableColId="CODECOUNTRY"/>
						<keyValue catalogDataValue="00230" paramTableColId="COMPANY_COD"/>
					</choice>
				</listOfChoices>
				<listOfChoices catalogFilteredValueInd="true" catalogMultipleValueInd="true" dhId="BRAND"/>
			</versionedContent>
		</characteristic>
		<characteristic companyCode="00230" actionOnCatalog="c" distribChrctId="CRITSEL003">
			<unversionedContent distribChrctTmplId="ProductConditions"/>
			<versionedContent catalogStateVersion="v" catalogStartDt="16-01-2014" actionOnCatalog="c">
				<label languageCod="fr">Critères de sélection</label>
				<inputValue catalogDataMaxValue="40.000000" catalogDataMinValue="0" dhId="DEBTTOICOMERATIO"/>
				<inputValue catalogDataMaxValue="65" catalogDataMinValue="18" dhId="MAINAPPLICANTAGE"/>
				<inputValue catalogDataMaxValue="100.000000" catalogDataMinValue="0" dhId="LOANTOVALUERATIO"/>
				<inputValue catalogDataMaxValue="300" catalogDataMinValue="24" dhId="LOANDURATION"/>
				<listOfChoices catalogFilteredValueInd="true" catalogMultipleValueInd="false" dhId="PRODUCTFINANCINGGOALCONDITION">
					<choice catalogSelectedValueCod="S">
						<keyValue catalogDataValue="00230" paramTableColId="COMPANY_COD"/>
						<keyValue catalogDataValue="4" paramTableColId="CODEID"/>
						<keyValue catalogDataValue="fr" paramTableColId="CODELANGUAGE"/>
						<keyValue catalogDataValue="MA" paramTableColId="CODECOUNTRY"/>
					</choice>
				</listOfChoices>
				<listOfChoices catalogFilteredValueInd="true" catalogMultipleValueInd="false" dhId="BRAND">
					<choice catalogSelectedValueCod="S">
						<keyValue catalogDataValue="fr" paramTableColId="CODELANGUAGE"/>
						<keyValue catalogDataValue="MA" paramTableColId="CODECOUNTRY"/>
						<keyValue catalogDataValue="230" paramTableColId="CODEID"/>
						<keyValue catalogDataValue="00230" paramTableColId="COMPANY_COD"/>
					</choice>
				</listOfChoices>
				<listOfChoices catalogFilteredValueInd="true" catalogMultipleValueInd="false" dhId="PRODUCTCATEGORYID">
					<choice catalogSelectedValueCod="S">
						<keyValue catalogDataValue="00230" paramTableColId="COMPANY_COD"/>
						<keyValue catalogDataValue="4" paramTableColId="CODEID"/>
						<keyValue catalogDataValue="fr" paramTableColId="CODELANGUAGE"/>
						<keyValue catalogDataValue="MA" paramTableColId="CODECOUNTRY"/>
					</choice>
				</listOfChoices>
			</versionedContent>
		</characteristic>
		<characteristic companyCode="00230" actionOnCatalog="c" distribChrctId="ACC071">
			<unversionedContent distribChrctTmplId="ProductCost"/>
			<versionedContent catalogStateVersion="v" catalogStartDt="16-01-2014" actionOnCatalog="c">
				<label languageCod="fr">Frais de dossiers asynchrone</label>
				<inputValue catalogDataValue="1" dhId="COSTPAYMENTNUMBER"/>
				<inputValue catalogDataValue="false" dhId="CHANGEDISTRIBUTIONALLOWED"/>
				<inputValue catalogDataMaxValue="100.00" catalogDataMinValue="100.00" catalogDataValue="100.00" dhId="BORROWERCHARGEPERCENTAGE"/>
				<inputValue catalogDataValue="true" dhId="AUTOMATIC"/>
				<inputValue catalogDataValue="false" dhId="CHANGETOTALCOSTAMOUNTALLOWED"/>
				<listOfChoices catalogFilteredValueInd="true" catalogMultipleValueInd="false" dhId="COSTSETTLEMENTID">
					<choice catalogSelectedValueCod="S">
						<keyValue catalogDataValue="1" paramTableColId="CODEID"/>
						<keyValue catalogDataValue="fr" paramTableColId="CODELANGUAGE"/>
						<keyValue catalogDataValue="MA" paramTableColId="CODECOUNTRY"/>
						<keyValue catalogDataValue="00230" paramTableColId="COMPANY_COD"/>
					</choice>
				</listOfChoices>
				<listOfChoices catalogFilteredValueInd="true" catalogMultipleValueInd="false" dhId="COSTPAYMENTFREQUENCYID">
					<choice catalogSelectedValueCod="S">
						<keyValue catalogDataValue="MA" paramTableColId="CODECOUNTRY"/>
						<keyValue catalogDataValue="00230" paramTableColId="COMPANY_COD"/>
						<keyValue catalogDataValue="3" paramTableColId="CODEID"/>
						<keyValue catalogDataValue="fr" paramTableColId="CODELANGUAGE"/>
					</choice>
				</listOfChoices>
				<listOfChoices catalogFilteredValueInd="true" catalogMultipleValueInd="false" dhId="COSTPERIODICITY">
					<choice catalogSelectedValueCod="D">
						<keyValue catalogDataValue="00230" paramTableColId="COMPANY_COD"/>
						<keyValue catalogDataValue="1" paramTableColId="CODEID"/>
						<keyValue catalogDataValue="fr" paramTableColId="CODELANGUAGE"/>
						<keyValue catalogDataValue="MA" paramTableColId="CODECOUNTRY"/>
					</choice>
				</listOfChoices>
				<listOfChoices catalogFilteredValueInd="true" catalogMultipleValueInd="false" dhId="KINDOFID">
					<choice catalogSelectedValueCod="S">
						<keyValue catalogDataValue="5" paramTableColId="CODEID"/>
						<keyValue catalogDataValue="fr" paramTableColId="CODELANGUAGE"/>
						<keyValue catalogDataValue="MA" paramTableColId="CODECOUNTRY"/>
						<keyValue catalogDataValue="00230" paramTableColId="COMPANY_COD"/>
					</choice>
				</listOfChoices>
				<listOfChoices catalogFilteredValueInd="true" catalogMultipleValueInd="false" dhId="OCCURRENCEID">
					<choice catalogSelectedValueCod="S">
						<keyValue catalogDataValue="MA" paramTableColId="CODECOUNTRY"/>
						<keyValue catalogDataValue="00230" paramTableColId="COMPANY_COD"/>
						<keyValue catalogDataValue="1" paramTableColId="CODEID"/>
						<keyValue catalogDataValue="fr" paramTableColId="CODELANGUAGE"/>
					</choice>
				</listOfChoices>
				<listOfChoices catalogFilteredValueInd="true" catalogMultipleValueInd="false" dhId="TYPEID">
					<choice catalogSelectedValueCod="S">
						<keyValue catalogDataValue="00230" paramTableColId="COMPANY_COD"/>
						<keyValue catalogDataValue="2" paramTableColId="CODEID"/>
						<keyValue catalogDataValue="fr" paramTableColId="CODELANGUAGE"/>
						<keyValue catalogDataValue="MA" paramTableColId="CODECOUNTRY"/>
					</choice>
				</listOfChoices>
				<listOfChoices catalogFilteredValueInd="true" catalogMultipleValueInd="false" dhId="FIRSTCOSTPAYMENTDATEBASE">
					<choice catalogSelectedValueCod="S">
						<keyValue catalogDataValue="1" paramTableColId="CODEID"/>
						<keyValue catalogDataValue="fr" paramTableColId="CODELANGUAGE"/>
						<keyValue catalogDataValue="MA" paramTableColId="CODECOUNTRY"/>
						<keyValue catalogDataValue="00230" paramTableColId="COMPANY_COD"/>
					</choice>
				</listOfChoices>
			</versionedContent>
		</characteristic>
		
		<characteristic companyCode="00230" actionOnCatalog="c" distribChrctId="ACCR018">
			<unversionedContent distribChrctTmplId="ProductCost"/>
			<versionedContent catalogStateVersion="v" catalogStartDt="16-01-2014" actionOnCatalog="c">
				<label languageCod="fr">Accessoire prime actuarialle</label>
				<inputValue catalogDataMaxValue="100.00" catalogDataMinValue="100.00" catalogDataValue="100.00" dhId="BORROWERCHARGEPERCENTAGE"/>
				<inputValue catalogDataValue="true" dhId="AUTOMATIC"/>
				<inputValue catalogDataValue="false" dhId="CHANGETOTALCOSTAMOUNTALLOWED"/>
				<inputValue catalogDataValue="false" dhId="CHANGEDISTRIBUTIONALLOWED"/>
				<inputValue dhId="COSTPAYMENTNUMBER"/>
				<listOfChoices catalogFilteredValueInd="true" catalogMultipleValueInd="false" dhId="COSTPAYMENTFREQUENCYID">
					<choice catalogSelectedValueCod="S">
						<keyValue catalogDataValue="00230" paramTableColId="COMPANY_COD"/>
						<keyValue catalogDataValue="2" paramTableColId="CODEID"/>
						<keyValue catalogDataValue="fr" paramTableColId="CODELANGUAGE"/>
						<keyValue catalogDataValue="MA" paramTableColId="CODECOUNTRY"/>
					</choice>
				</listOfChoices>
				<listOfChoices catalogFilteredValueInd="true" catalogMultipleValueInd="false" dhId="FIRSTCOSTPAYMENTDATEBASE">
					<choice catalogSelectedValueCod="S">
						<keyValue catalogDataValue="3" paramTableColId="CODEID"/>
						<keyValue catalogDataValue="fr" paramTableColId="CODELANGUAGE"/>
						<keyValue catalogDataValue="MA" paramTableColId="CODECOUNTRY"/>
						<keyValue catalogDataValue="00230" paramTableColId="COMPANY_COD"/>
					</choice>
				</listOfChoices>
				<listOfChoices catalogFilteredValueInd="true" catalogMultipleValueInd="false" dhId="OCCURRENCEID">
					<choice catalogSelectedValueCod="S">
						<keyValue catalogDataValue="1" paramTableColId="CODEID"/>
						<keyValue catalogDataValue="fr" paramTableColId="CODELANGUAGE"/>
						<keyValue catalogDataValue="MA" paramTableColId="CODECOUNTRY"/>
						<keyValue catalogDataValue="00230" paramTableColId="COMPANY_COD"/>
					</choice>
				</listOfChoices>
				<listOfChoices catalogFilteredValueInd="true" catalogMultipleValueInd="false" dhId="TYPEID">
					<choice catalogSelectedValueCod="S">
						<keyValue catalogDataValue="6" paramTableColId="CODEID"/>
						<keyValue catalogDataValue="fr" paramTableColId="CODELANGUAGE"/>
						<keyValue catalogDataValue="MA" paramTableColId="CODECOUNTRY"/>
						<keyValue catalogDataValue="00230" paramTableColId="COMPANY_COD"/>
					</choice>
				</listOfChoices>
				<listOfChoices catalogFilteredValueInd="true" catalogMultipleValueInd="false" dhId="COSTSETTLEMENTID">
					<choice catalogSelectedValueCod="S">
						<keyValue catalogDataValue="1" paramTableColId="CODEID"/>
						<keyValue catalogDataValue="fr" paramTableColId="CODELANGUAGE"/>
						<keyValue catalogDataValue="MA" paramTableColId="CODECOUNTRY"/>
						<keyValue catalogDataValue="00230" paramTableColId="COMPANY_COD"/>
					</choice>
				</listOfChoices>
				<listOfChoices catalogFilteredValueInd="true" catalogMultipleValueInd="false" dhId="KINDOFID">
					<choice catalogSelectedValueCod="S">
						<keyValue catalogDataValue="6" paramTableColId="CODEID"/>
						<keyValue catalogDataValue="fr" paramTableColId="CODELANGUAGE"/>
						<keyValue catalogDataValue="MA" paramTableColId="CODECOUNTRY"/>
						<keyValue catalogDataValue="00230" paramTableColId="COMPANY_COD"/>
					</choice>
				</listOfChoices>
				<listOfChoices catalogFilteredValueInd="true" catalogMultipleValueInd="false" dhId="CALCULATIONBASEID">
					<choice catalogSelectedValueCod="S">
						<keyValue catalogDataValue="4" paramTableColId="CODEID"/>
						<keyValue catalogDataValue="fr" paramTableColId="CODELANGUAGE"/>
						<keyValue catalogDataValue="MA" paramTableColId="CODECOUNTRY"/>
						<keyValue catalogDataValue="00230" paramTableColId="COMPANY_COD"/>
					</choice>
				</listOfChoices>
			</versionedContent>
		</characteristic>
		
				<characteristic companyCode="00230" actionOnCatalog="c" distribChrctId="ACCSR051">
			<unversionedContent distribChrctTmplId="ProductCost"/>
			<versionedContent catalogStateVersion="v" catalogStartDt="16-01-2014" actionOnCatalog="c">
				<label languageCod="fr">Accessoire Frais d'expertise</label>
				<inputValue catalogDataValue="false" dhId="CHANGETOTALCOSTAMOUNTALLOWED"/>
				<inputValue catalogDataMaxValue="100.00" catalogDataMinValue="100.00" catalogDataValue="100.00" dhId="BORROWERCHARGEPERCENTAGE"/>
				<inputValue catalogDataValue="false" dhId="CHANGEDISTRIBUTIONALLOWED"/>
				<inputValue catalogDataValue="true" dhId="AUTOMATIC"/>
				<listOfChoices catalogFilteredValueInd="true" catalogMultipleValueInd="false" dhId="OCCURRENCEID">
					<choice catalogSelectedValueCod="S">
						<keyValue catalogDataValue="1" paramTableColId="CODEID"/>
						<keyValue catalogDataValue="fr" paramTableColId="CODELANGUAGE"/>
						<keyValue catalogDataValue="MA" paramTableColId="CODECOUNTRY"/>
						<keyValue catalogDataValue="00230" paramTableColId="COMPANY_COD"/>
					</choice>
				</listOfChoices>
				<listOfChoices catalogFilteredValueInd="true" catalogMultipleValueInd="false" dhId="TYPEID">
					<choice catalogSelectedValueCod="S">
						<keyValue catalogDataValue="00230" paramTableColId="COMPANY_COD"/>
						<keyValue catalogDataValue="2" paramTableColId="CODEID"/>
						<keyValue catalogDataValue="fr" paramTableColId="CODELANGUAGE"/>
						<keyValue catalogDataValue="MA" paramTableColId="CODECOUNTRY"/>
					</choice>
				</listOfChoices>
				<listOfChoices catalogFilteredValueInd="true" catalogMultipleValueInd="false" dhId="COSTSETTLEMENTID">
					<choice catalogSelectedValueCod="S">
						<keyValue catalogDataValue="2" paramTableColId="CODEID"/>
						<keyValue catalogDataValue="fr" paramTableColId="CODELANGUAGE"/>
						<keyValue catalogDataValue="MA" paramTableColId="CODECOUNTRY"/>
						<keyValue catalogDataValue="00230" paramTableColId="COMPANY_COD"/>
					</choice>
				</listOfChoices>
				<listOfChoices catalogFilteredValueInd="true" catalogMultipleValueInd="false" dhId="COSTPAYMENTFREQUENCYID">
					<choice catalogSelectedValueCod="S">
						<keyValue catalogDataValue="1" paramTableColId="CODEID"/>
						<keyValue catalogDataValue="fr" paramTableColId="CODELANGUAGE"/>
						<keyValue catalogDataValue="MA" paramTableColId="CODECOUNTRY"/>
						<keyValue catalogDataValue="00230" paramTableColId="COMPANY_COD"/>
					</choice>
				</listOfChoices>
				<listOfChoices catalogFilteredValueInd="true" catalogMultipleValueInd="false" dhId="FIRSTCOSTPAYMENTDATEBASE">
					<choice catalogSelectedValueCod="S">
						<keyValue catalogDataValue="1" paramTableColId="CODEID"/>
						<keyValue catalogDataValue="fr" paramTableColId="CODELANGUAGE"/>
						<keyValue catalogDataValue="MA" paramTableColId="CODECOUNTRY"/>
						<keyValue catalogDataValue="00230" paramTableColId="COMPANY_COD"/>
					</choice>
				</listOfChoices>
				<listOfChoices catalogFilteredValueInd="true" catalogMultipleValueInd="false" dhId="KINDOFID">
					<choice catalogSelectedValueCod="S">
						<keyValue catalogDataValue="1" paramTableColId="CODEID"/>
						<keyValue catalogDataValue="fr" paramTableColId="CODELANGUAGE"/>
						<keyValue catalogDataValue="MA" paramTableColId="CODECOUNTRY"/>
						<keyValue catalogDataValue="00230" paramTableColId="COMPANY_COD"/>
					</choice>
				</listOfChoices>
			</versionedContent>
		</characteristic>
		
				<characteristic companyCode="00230" actionOnCatalog="c" distribChrctId="ACCSR012">
			<unversionedContent distribChrctTmplId="ProductCost"/>
			<versionedContent catalogStateVersion="v" catalogStartDt="03-03-2014" actionOnCatalog="c">
				<label languageCod="fr">Frais de dossier Conso</label>
				<inputValue catalogDataMaxValue="100.00" catalogDataMinValue="100.00" catalogDataValue="100.00" dhId="BORROWERCHARGEPERCENTAGE"/>
				<inputValue catalogDataValue="true" dhId="AUTOMATIC"/>
				<inputValue catalogDataValue="false" dhId="CHANGETOTALCOSTAMOUNTALLOWED"/>
				<inputValue catalogDataValue="false" dhId="CHANGEDISTRIBUTIONALLOWED"/>
				<listOfChoices catalogFilteredValueInd="true" catalogMultipleValueInd="false" dhId="COSTPAYMENTFREQUENCYID">
					<choice catalogSelectedValueCod="S">
						<keyValue catalogDataValue="1" paramTableColId="CODEID"/>
						<keyValue catalogDataValue="fr" paramTableColId="CODELANGUAGE"/>
						<keyValue catalogDataValue="MA" paramTableColId="CODECOUNTRY"/>
						<keyValue catalogDataValue="00230" paramTableColId="COMPANY_COD"/>
					</choice>
				</listOfChoices>
				<listOfChoices catalogFilteredValueInd="true" catalogMultipleValueInd="false" dhId="FIRSTCOSTPAYMENTDATEBASE">
					<choice catalogSelectedValueCod="S">
						<keyValue catalogDataValue="1" paramTableColId="CODEID"/>
						<keyValue catalogDataValue="fr" paramTableColId="CODELANGUAGE"/>
						<keyValue catalogDataValue="MA" paramTableColId="CODECOUNTRY"/>
						<keyValue catalogDataValue="00230" paramTableColId="COMPANY_COD"/>
					</choice>
				</listOfChoices>
				<listOfChoices catalogFilteredValueInd="true" catalogMultipleValueInd="false" dhId="COSTSETTLEMENTID">
					<choice catalogSelectedValueCod="S">
						<keyValue catalogDataValue="2" paramTableColId="CODEID"/>
						<keyValue catalogDataValue="fr" paramTableColId="CODELANGUAGE"/>
						<keyValue catalogDataValue="MA" paramTableColId="CODECOUNTRY"/>
						<keyValue catalogDataValue="00230" paramTableColId="COMPANY_COD"/>
					</choice>
				</listOfChoices>
				<listOfChoices catalogFilteredValueInd="true" catalogMultipleValueInd="false" dhId="KINDOFID">
					<choice catalogSelectedValueCod="S">
						<keyValue catalogDataValue="00230" paramTableColId="COMPANY_COD"/>
						<keyValue catalogDataValue="5" paramTableColId="CODEID"/>
						<keyValue catalogDataValue="fr" paramTableColId="CODELANGUAGE"/>
						<keyValue catalogDataValue="MA" paramTableColId="CODECOUNTRY"/>
					</choice>
				</listOfChoices>
				<listOfChoices catalogFilteredValueInd="true" catalogMultipleValueInd="false" dhId="OCCURRENCEID">
					<choice catalogSelectedValueCod="S">
						<keyValue catalogDataValue="1" paramTableColId="CODEID"/>
						<keyValue catalogDataValue="fr" paramTableColId="CODELANGUAGE"/>
						<keyValue catalogDataValue="MA" paramTableColId="CODECOUNTRY"/>
						<keyValue catalogDataValue="00230" paramTableColId="COMPANY_COD"/>
					</choice>
				</listOfChoices>
				<listOfChoices catalogFilteredValueInd="true" catalogMultipleValueInd="false" dhId="TYPEID">
					<choice catalogSelectedValueCod="S">
						<keyValue catalogDataValue="2" paramTableColId="CODEID"/>
						<keyValue catalogDataValue="fr" paramTableColId="CODELANGUAGE"/>
						<keyValue catalogDataValue="00230" paramTableColId="COMPANY_COD"/>
						<keyValue catalogDataValue="MA" paramTableColId="CODECOUNTRY"/>
					</choice>
				</listOfChoices>
			</versionedContent>
		</characteristic>
		
			<characteristic companyCode="00230" actionOnCatalog="c" distribChrctId="FCTCAT001">
			<unversionedContent distribChrctTmplId="MCR_FCT_DAT"/>
			<versionedContent catalogStateVersion="v" catalogStartDt="25-12-2014" actionOnCatalog="c">
				<label languageCod="fr">Fonctionnement Comptes à Termes</label>
				<inputValue catalogDataValue="2.00" dhId="MAX_DEPASS_TAUX"/>
				<amount curCod="MAD" catalogDataMinValue="20000.00" dhId="MONTANT_DEPOT"/>
				<listOfChoices catalogFilteredValueInd="true" catalogMultipleValueInd="false" dhId="DEVISE_FCT">
					<choice catalogSelectedValueCod="S">
						<keyValue catalogDataValue="00230" paramTableColId="COMPANY_COD"/>
						<keyValue catalogDataValue="MAD" paramTableColId="CURRENCY_COD"/>
					</choice>
				</listOfChoices>
				<listOfChoices catalogFilteredValueInd="true" catalogMultipleValueInd="false" dhId="NATURE_PR_DAT">
					<choice catalogSelectedValueCod="S">
						<keyValue catalogDataValue="CAT" paramTableColId="NATURE_PR_DAT_COD"/>
					</choice>
				</listOfChoices>
			</versionedContent>
		</characteristic>

<characteristic companyCode="00230" actionOnCatalog="c" distribChrctId="ACCSR0021">
			<unversionedContent distribChrctTmplId="ProductCost"/>
			<versionedContent catalogStateVersion="v" catalogStartDt="16-12-2013" actionOnCatalog="c">
				<label languageCod="fr">Frais d'Expertise</label>
				<inputValue catalogDataValue="false" dhId="CHANGEDISTRIBUTIONALLOWED"/>
				<inputValue catalogDataValue="100.00" dhId="BORROWERCHARGEPERCENTAGE"/>
				<inputValue catalogDataValue="1" dhId="COSTPAYMENTNUMBER"/>
				<inputValue catalogDataValue="true" dhId="AUTOMATIC"/>
				<inputValue catalogDataValue="false" dhId="CHANGETOTALCOSTAMOUNTALLOWED"/>
				<listOfChoices catalogFilteredValueInd="true" catalogMultipleValueInd="false" dhId="COSTPAYMENTFREQUENCYID">
					<choice catalogSelectedValueCod="S">
						<keyValue catalogDataValue="1" paramTableColId="CODEID"/>
						<keyValue catalogDataValue="fr" paramTableColId="CODELANGUAGE"/>
						<keyValue catalogDataValue="MA" paramTableColId="CODECOUNTRY"/>
						<keyValue catalogDataValue="00230" paramTableColId="COMPANY_COD"/>
					</choice>
				</listOfChoices>
				<listOfChoices catalogFilteredValueInd="true" catalogMultipleValueInd="false" dhId="TYPEID">
					<choice catalogSelectedValueCod="S">
						<keyValue catalogDataValue="2" paramTableColId="CODEID"/>
						<keyValue catalogDataValue="fr" paramTableColId="CODELANGUAGE"/>
						<keyValue catalogDataValue="MA" paramTableColId="CODECOUNTRY"/>
						<keyValue catalogDataValue="00230" paramTableColId="COMPANY_COD"/>
					</choice>
				</listOfChoices>
				<listOfChoices catalogFilteredValueInd="true" catalogMultipleValueInd="false" dhId="COSTSETTLEMENTID">
					<choice catalogSelectedValueCod="S">
						<keyValue catalogDataValue="2" paramTableColId="CODEID"/>
						<keyValue catalogDataValue="fr" paramTableColId="CODELANGUAGE"/>
						<keyValue catalogDataValue="MA" paramTableColId="CODECOUNTRY"/>
						<keyValue catalogDataValue="00230" paramTableColId="COMPANY_COD"/>
					</choice>
				</listOfChoices>
				<listOfChoices catalogFilteredValueInd="true" catalogMultipleValueInd="false" dhId="KINDOFID">
					<choice catalogSelectedValueCod="S">
						<keyValue catalogDataValue="1" paramTableColId="CODEID"/>
						<keyValue catalogDataValue="fr" paramTableColId="CODELANGUAGE"/>
						<keyValue catalogDataValue="00230" paramTableColId="COMPANY_COD"/>
						<keyValue catalogDataValue="MA" paramTableColId="CODECOUNTRY"/>
					</choice>
				</listOfChoices>
				<listOfChoices catalogFilteredValueInd="true" catalogMultipleValueInd="false" dhId="OCCURRENCEID">
					<choice catalogSelectedValueCod="S">
						<keyValue catalogDataValue="1" paramTableColId="CODEID"/>
						<keyValue catalogDataValue="fr" paramTableColId="CODELANGUAGE"/>
						<keyValue catalogDataValue="MA" paramTableColId="CODECOUNTRY"/>
						<keyValue catalogDataValue="00230" paramTableColId="COMPANY_COD"/>
					</choice>
				</listOfChoices>
				<listOfChoices catalogFilteredValueInd="true" catalogMultipleValueInd="false" dhId="COSTAPPLICABILITYRULENAMEID">
					<choice catalogSelectedValueCod="S">
						<keyValue catalogDataValue="MA" paramTableColId="CODECOUNTRY"/>
						<keyValue catalogDataValue="00230" paramTableColId="COMPANY_COD"/>
						<keyValue catalogDataValue="2" paramTableColId="CODEID"/>
						<keyValue catalogDataValue="fr" paramTableColId="CODELANGUAGE"/>
					</choice>
				</listOfChoices>
				<listOfChoices catalogFilteredValueInd="true" catalogMultipleValueInd="false" dhId="FIRSTCOSTPAYMENTDATEBASE">
					<choice catalogSelectedValueCod="S">
						<keyValue catalogDataValue="MA" paramTableColId="CODECOUNTRY"/>
						<keyValue catalogDataValue="00230" paramTableColId="COMPANY_COD"/>
						<keyValue catalogDataValue="4" paramTableColId="CODEID"/>
						<keyValue catalogDataValue="fr" paramTableColId="CODELANGUAGE"/>
					</choice>
				</listOfChoices>
			</versionedContent>
		</characteristic>

	<characteristic companyCode="00230" actionOnCatalog="c" distribChrctId="FCTBDC001">
			<unversionedContent distribChrctTmplId="MCR_FCT_DAT"/>
			<versionedContent catalogStateVersion="v" catalogStartDt="25-12-2014" actionOnCatalog="c">
				<label languageCod="fr">Fonctionnement Bon de Caisse</label>
				<inputValue catalogDataValue="2.00" dhId="MAX_DEPASS_TAUX"/>
				<amount curCod="MAD" catalogDataMinValue="20000.00" dhId="MONTANT_DEPOT"/>
				<listOfChoices catalogFilteredValueInd="true" catalogMultipleValueInd="false" dhId="DEVISE_FCT">
					<choice catalogSelectedValueCod="S">
						<keyValue catalogDataValue="00230" paramTableColId="COMPANY_COD"/>
						<keyValue catalogDataValue="MAD" paramTableColId="CURRENCY_COD"/>
					</choice>
				</listOfChoices>
				<listOfChoices catalogFilteredValueInd="true" catalogMultipleValueInd="false" dhId="NATURE_PR_DAT">
					<choice catalogSelectedValueCod="S">
						<keyValue catalogDataValue="BDC" paramTableColId="NATURE_PR_DAT_COD"/>
					</choice>
				</listOfChoices>
			</versionedContent>
		</characteristic>
		
	</characteristicList>
</catalog>