<?xml version="1.0" encoding="UTF-8"?>
<import date="2018-09-01">
   <eRole>
      <apps>
         <app appCod="EPARA" appNm="eParameters" appStatus="Publisher">
            <profiles>
               <profile profileId="ADMINEROLE" profileStatus="Publisher">
                  <label>
                     <eRoleObjectLbl languageCod="en">eRole Administrator</eRoleObjectLbl>
                     <eRoleObjectLbl languageCod="fr">Administrateur eRole</eRoleObjectLbl>
                  </label>
                  <authResourceTypProfile authResourceTypId="FUNCTION">
                     <authResource authResourceId="ADMIN" />
                     <authResource authResourceId="MANAGE" />
                  </authResourceTypProfile>
                  <authResourceTypProfile authResourceTypId="APPLICATION">
                     <authResource authResourceId="TM" />
                     <authResource authResourceId="PM" />
                  </authResourceTypProfile>
               </profile>
               <profile profileId="ADMINEP" profileStatus="Publisher">
                  <label>
                     <eRoleObjectLbl languageCod="en">EP Administrator</eRoleObjectLbl>
                     <eRoleObjectLbl languageCod="fr">Administrateur EP</eRoleObjectLbl>
                  </label>
                  <authResourceTypProfile authResourceTypId="OBJECT">
                     <authResource authResourceId="PTFA">
                        <authResourceTypProfile authResourceTypId="FUNCTION_OBJECT">
                           <authResource authResourceId="AS" />
                           <authResource authResourceId="DI" />
                        </authResourceTypProfile>
                     </authResource>
                     <authResource authResourceId="AMT">
                        <authResourceTypProfile authResourceTypId="FUNCTION_OBJECT">
                           <authResource authResourceId="U" />
                           <authResource authResourceId="CD" />
                           <authResource authResourceId="D" />
                           <authResource authResourceId="R" />
                        </authResourceTypProfile>
                     </authResource>
                     <authResource authResourceId="SE">
                        <authResourceTypProfile authResourceTypId="FUNCTION_OBJECT">
                           <authResource authResourceId="D" />
                           <authResource authResourceId="UA" />
                           <authResource authResourceId="R" />
                           <authResource authResourceId="CD" />
                           <authResource authResourceId="DI" />
                           <authResource authResourceId="U" />
                           <authResource authResourceId="AS" />
                        </authResourceTypProfile>
                     </authResource>
                     <authResource authResourceId="TABLE">
                        <authResourceTypProfile authResourceTypId="FUNCTION_OBJECT">
                           <authResource authResourceId="CD" />
                           <authResource authResourceId="R" />
                           <authResource authResourceId="D" />
                           <authResource authResourceId="U" />
                        </authResourceTypProfile>
                     </authResource>
                     <authResource authResourceId="COLUMN">
                        <authResourceTypProfile authResourceTypId="FUNCTION_OBJECT">
                           <authResource authResourceId="R" />
                           <authResource authResourceId="CD" />
                           <authResource authResourceId="U" />
                           <authResource authResourceId="D" />
                        </authResourceTypProfile>
                     </authResource>
                     <authResource authResourceId="DHT">
                        <authResourceTypProfile authResourceTypId="FUNCTION_OBJECT">
                           <authResource authResourceId="D" />
                           <authResource authResourceId="CD" />
                           <authResource authResourceId="R" />
                           <authResource authResourceId="U" />
                        </authResourceTypProfile>
                     </authResource>
                     <authResource authResourceId="PTFCL">
                        <authResourceTypProfile authResourceTypId="FUNCTION_OBJECT">
                           <authResource authResourceId="CD" />
                           <authResource authResourceId="R" />
                           <authResource authResourceId="U" />
                           <authResource authResourceId="D" />
                        </authResourceTypProfile>
                     </authResource>
                     <authResource authResourceId="STR">
                        <authResourceTypProfile authResourceTypId="FUNCTION_OBJECT">
                           <authResource authResourceId="R" />
                           <authResource authResourceId="U" />
                           <authResource authResourceId="D" />
                           <authResource authResourceId="CD" />
                        </authResourceTypProfile>
                     </authResource>
                     <authResource authResourceId="PTFCPY">
                        <authResourceTypProfile authResourceTypId="FUNCTION_OBJECT">
                           <authResource authResourceId="D" />
                           <authResource authResourceId="CD" />
                           <authResource authResourceId="R" />
                           <authResource authResourceId="U" />
                        </authResourceTypProfile>
                     </authResource>
                     <authResource authResourceId="DOMAIN">
                        <authResourceTypProfile authResourceTypId="FUNCTION_OBJECT">
                           <authResource authResourceId="D" />
                           <authResource authResourceId="R" />
                           <authResource authResourceId="CD" />
                           <authResource authResourceId="U" />
                        </authResourceTypProfile>
                     </authResource>
                     <authResource authResourceId="STRUCTURE">
                        <authResourceTypProfile authResourceTypId="FUNCTION_OBJECT">
                           <authResource authResourceId="D" />
                           <authResource authResourceId="U" />
                           <authResource authResourceId="R" />
                           <authResource authResourceId="CD" />
                        </authResourceTypProfile>
                     </authResource>
                     <authResource authResourceId="PTFCT">
                        <authResourceTypProfile authResourceTypId="FUNCTION_OBJECT">
                           <authResource authResourceId="R" />
                           <authResource authResourceId="D" />
                           <authResource authResourceId="CD" />
                           <authResource authResourceId="U" />
                        </authResourceTypProfile>
                     </authResource>
                     <authResource authResourceId="SET">
                        <authResourceTypProfile authResourceTypId="FUNCTION_OBJECT">
                           <authResource authResourceId="D" />
                           <authResource authResourceId="CD" />
                           <authResource authResourceId="U" />
                           <authResource authResourceId="R" />
                        </authResourceTypProfile>
                     </authResource>
                     <authResource authResourceId="SEA">
                        <authResourceTypProfile authResourceTypId="FUNCTION_OBJECT">
                           <authResource authResourceId="DI" />
                           <authResource authResourceId="UA" />
                           <authResource authResourceId="AS" />
                        </authResourceTypProfile>
                     </authResource>
                     <authResource authResourceId="OPBA">
                        <authResourceTypProfile authResourceTypId="FUNCTION_OBJECT">
                           <authResource authResourceId="DI" />
                           <authResource authResourceId="AS" />
                        </authResourceTypProfile>
                     </authResource>
                     <authResource authResourceId="DHR">
                        <authResourceTypProfile authResourceTypId="FUNCTION_OBJECT">
                           <authResource authResourceId="R" />
                           <authResource authResourceId="CD" />
                           <authResource authResourceId="U" />
                           <authResource authResourceId="D" />
                        </authResourceTypProfile>
                     </authResource>
                     <authResource authResourceId="CLS">
                        <authResourceTypProfile authResourceTypId="FUNCTION_OBJECT">
                           <authResource authResourceId="R" />
                           <authResource authResourceId="CD" />
                           <authResource authResourceId="U" />
                           <authResource authResourceId="D" />
                        </authResourceTypProfile>
                     </authResource>
                     <authResource authResourceId="KEYWORD">
                        <authResourceTypProfile authResourceTypId="FUNCTION_OBJECT">
                           <authResource authResourceId="D" />
                           <authResource authResourceId="R" />
                           <authResource authResourceId="CD" />
                           <authResource authResourceId="U" />
                        </authResourceTypProfile>
                     </authResource>
                     <authResource authResourceId="OPA">
                        <authResourceTypProfile authResourceTypId="FUNCTION_OBJECT">
                           <authResource authResourceId="UA" />
                           <authResource authResourceId="DI" />
                           <authResource authResourceId="AS" />
                        </authResourceTypProfile>
                     </authResource>
                     <authResource authResourceId="COMPANY">
                        <authResourceTypProfile authResourceTypId="FUNCTION_OBJECT">
                           <authResource authResourceId="R" />
                        </authResourceTypProfile>
                     </authResource>
                     <authResource authResourceId="AMA">
                        <authResourceTypProfile authResourceTypId="FUNCTION_OBJECT">
                           <authResource authResourceId="UA" />
                           <authResource authResourceId="DI" />
                           <authResource authResourceId="AS" />
                        </authResourceTypProfile>
                     </authResource>
                     <authResource authResourceId="LOCATION">
                        <authResourceTypProfile authResourceTypId="FUNCTION_OBJECT">
                           <authResource authResourceId="CD" />
                           <authResource authResourceId="U" />
                           <authResource authResourceId="D" />
                           <authResource authResourceId="R" />
                        </authResourceTypProfile>
                     </authResource>
                     <authResource authResourceId="OPT">
                        <authResourceTypProfile authResourceTypId="FUNCTION_OBJECT">
                           <authResource authResourceId="U" />
                           <authResource authResourceId="D" />
                           <authResource authResourceId="CD" />
                           <authResource authResourceId="R" />
                        </authResourceTypProfile>
                     </authResource>
                     <authResource authResourceId="OP">
                        <authResourceTypProfile authResourceTypId="FUNCTION_OBJECT">
                           <authResource authResourceId="CD" />
                           <authResource authResourceId="U" />
                           <authResource authResourceId="D" />
                           <authResource authResourceId="R" />
                        </authResourceTypProfile>
                     </authResource>
                     <authResource authResourceId="AM">
                        <authResourceTypProfile authResourceTypId="FUNCTION_OBJECT">
                           <authResource authResourceId="D" />
                           <authResource authResourceId="R" />
                           <authResource authResourceId="U" />
                           <authResource authResourceId="CD" />
                        </authResourceTypProfile>
                     </authResource>
                     <authResource authResourceId="OVRW">
                        <authResourceTypProfile authResourceTypId="FUNCTION_OBJECT">
                           <authResource authResourceId="R" />
                        </authResourceTypProfile>
                     </authResource>
                     <authResource authResourceId="DH">
                        <authResourceTypProfile authResourceTypId="FUNCTION_OBJECT">
                           <authResource authResourceId="U" />
                           <authResource authResourceId="R" />
                           <authResource authResourceId="D" />
                           <authResource authResourceId="CD" />
                        </authResourceTypProfile>
                     </authResource>
                     <authResource authResourceId="OCCURRENCE">
                        <authResourceTypProfile authResourceTypId="FUNCTION_OBJECT">
                           <authResource authResourceId="D" />
                           <authResource authResourceId="V" />
                           <authResource authResourceId="CD" />
                           <authResource authResourceId="R" />
                           <authResource authResourceId="U" />
                        </authResourceTypProfile>
                     </authResource>
                  </authResourceTypProfile>
                  <authResourceTypProfile authResourceTypId="ACTION">
                     <authResource authResourceId="EXPORTCONFIG" />
                     <authResource authResourceId="EXPORTRUN" />
                  </authResourceTypProfile>
                  <authResourceTypProfile authResourceTypId="DOMAIN">
                     <authResource authResourceId="COMMON">
                        <authResourceTypProfile authResourceTypId="FUNCTION_DOMAIN">
                           <authResource authResourceId="R" />
                           <authResource authResourceId="U" />
                           <authResource authResourceId="CD" />
                           <authResource authResourceId="D" />
                        </authResourceTypProfile>
                     </authResource>
                  </authResourceTypProfile>
               </profile>
            </profiles>
         </app>
         <app appCod="PM" appNm="Product management" appStatus="Publisher">
            <profiles>
               <profile profileId="READ_PM" profileStatus="Client">
                  <label>
                     <eRoleObjectLbl languageCod="en">Product Management consult</eRoleObjectLbl>
                     <eRoleObjectLbl languageCod="fr">Consultation Product Management</eRoleObjectLbl>
                  </label>

                  <authResourceTypProfile authResourceTypId="EPM_PROP">
                     <authResource authResourceId="RESEPMPROP008" />
                     <authResource authResourceId="RESEPMPROP006" />
                     <authResource authResourceId="RESEPMPROP004" />
                  </authResourceTypProfile>
                  <authResourceTypProfile authResourceTypId="SECURITY-ROLE">
                     <authResource authResourceId="REPTMFCT002" />
                  </authResourceTypProfile>
               </profile>
               <profile profileId="ADMIN_PM" profileStatus="Client">
                  <label>
                     <eRoleObjectLbl languageCod="en">Product Management administrator</eRoleObjectLbl>
                     <eRoleObjectLbl languageCod="fr">Administrateur Product Management</eRoleObjectLbl>
                  </label>
                  <authResourceTypProfile authResourceTypId="EPM_PROP">
                     <authResource authResourceId="RESEPMPROP007" />
                     <authResource authResourceId="RESEPMPROP004" />
                     <authResource authResourceId="RESEPMPROP003" />
                     <authResource authResourceId="RESEPMPROP005" />
                     <authResource authResourceId="RESEPMPROP006" />
                     <authResource authResourceId="RESEPMPROP008" />
                  </authResourceTypProfile>
                  <authResourceTypProfile authResourceTypId="EPM_PPR">
                     <authResource authResourceId="RESEPMPROP001" />
                  </authResourceTypProfile>
                  <authResourceTypProfile authResourceTypId="SECURITY-ROLE">
                     <authResource authResourceId="REPTMFCT002" />
                     <authResource authResourceId="TO_BE_PRICED" />
                     <authResource authResourceId="NO_PRICING" />
                     <authResource authResourceId="PRICED" />
                  </authResourceTypProfile>
               </profile>
            </profiles>
         </app>
         <app appCod="TM" appNm="Tariff Management" appStatus="Publisher">
            <profiles>
               <profile profileId="ADMIN_TM" profileStatus="Client">
                  <label>
                     <eRoleObjectLbl languageCod="en">Tariff Management administrator</eRoleObjectLbl>
                     <eRoleObjectLbl languageCod="fr">Administrateur de Tariff Management</eRoleObjectLbl>
                  </label>
                  <authResourceTypProfile authResourceTypId="SECURITY-ROLE">
                     <authResource authResourceId="ADMIN" />
                     <authResource authResourceId="EXPERT_MODE_READ" />
                     <authResource authResourceId="REPTMFCT001" />
                  </authResourceTypProfile>
               </profile>
               <profile profileId="READ_TM" profileStatus="Client">
                  <label>
                     <eRoleObjectLbl languageCod="en">Tariff Management consult</eRoleObjectLbl>
                     <eRoleObjectLbl languageCod="fr">Consultation Tariff Management</eRoleObjectLbl>
                  </label>
                  <authResourceTypProfile authResourceTypId="SECURITY-ROLE">
                     <authResource authResourceId="COMMISSION_GROUP_READ" />
                     <authResource authResourceId="PACKAGE_READ" />
                     <authResource authResourceId="PRINT_EXCEL_PDF" />
                     <authResource authResourceId="DISTRIBUTION_SECTION_READ" />
                     <authResource authResourceId="CUSTOMER_CHARACTERISTIC_READ" />
                     <authResource authResourceId="GROUP_USAGE_READ" />
                     <authResource authResourceId="COMMISSION_READ" />
                     <authResource authResourceId="VALUE_DATE_READ" />
                     <authResource authResourceId="DECISION_REASON_READ" />
                     <authResource authResourceId="CATALOGUE_READ" />
                     <authResource authResourceId="TRANSACTION_READ" />
                     <authResource authResourceId="PRICING_READ" />
                     <authResource authResourceId="TRANSACTION_GROUP_READ" />
                     <authResource authResourceId="CRITERIA_VALUE_READ" />
                     <authResource authResourceId="INVOICING_READ" />
                     <authResource authResourceId="DISTRIBUTION_BANKING_TRANSACTION_READ" />
                     <authResource authResourceId="REPTMFCT001" />
                     <authResource authResourceId="CONSUMPTION_LIMIT_READ" />
                     <authResource authResourceId="LIMIT_READ" />
                     <authResource authResourceId="TAX_TYPE_READ" />
                     <authResource authResourceId="AUDIT_READ" />
                     <authResource authResourceId="LIST_READ" />
                     <authResource authResourceId="COMPANY_SETTINGS_READ" />
                     <authResource authResourceId="TERMINATION_REASON_READ" />
                     <authResource authResourceId="OPTION_READ" />
                     <authResource authResourceId="RATE_INDEX_READ" />
                     <authResource authResourceId="BILLING_TERM_READ" />
                     <authResource authResourceId="PREDEFINED_CONDITION_READ" />
                     <authResource authResourceId="SPECIFIC_CONDITION_REASON_READ" />
                     <authResource authResourceId="SECTION_READ" />
                     <authResource authResourceId="PRODUCT_GROUP_READ" />
                     <authResource authResourceId="REFUND_REASON_READ" />
                     <authResource authResourceId="PRODUCTION_SECTION_READ" />
                     <authResource authResourceId="EXTERNAL_FEE_READ" />
                     <authResource authResourceId="REASON_READ" />
                     <authResource authResourceId="STANDARD_CONDITION_READ" />
                     <authResource authResourceId="EXEMPTION_READ" />
                     <authResource authResourceId="SIMULATION_READ" />
                     <authResource authResourceId="PRODUCT_READ" />
                     <authResource authResourceId="PRODUCTION_BANKING_TRANSACTION_READ" />
                     <authResource authResourceId="OFFER_READ" />
                     <authResource authResourceId="PRICE_READ" />
                     <authResource authResourceId="CRITERIA_READ" />
                     <authResource authResourceId="BANKING_TRANSACTION_READ" />
                     <authResource authResourceId="INVOICING_LIMIT_READ" />
                     <authResource authResourceId="GROUP_READ" />
                     <authResource authResourceId="INVALID_PRICE_READ" />
                     <authResource authResourceId="PRICING_EXCEL_PRINT" />
                  </authResourceTypProfile>
               </profile>
            </profiles>
         </app>
      </apps>
   </eRole>
</import>