<?xml version="1.0" encoding="UTF-8"?>
<import date="2020-09-24" source="exportFromUI">
   <EP>
      <table paramTableId="NATURE_CPTE" paramDomainId="COMMON_BD" paramTableStatus="Client" paramTableScope="Universal" monoCurParamTableInd="0" unversionedParamTableInd="0" extParamTableInd="0" autoIncrParamTableInd="0" mode="global" exportId=" " lastParamTableExportDt="2020-09-24" timestamp="20222004110030131">
         <label>
            <ePObjectLbl languageCod="fr">Table de Codification de la Nature de compte bancaire</ePObjectLbl>
            <ePObjectLbl languageCod="en">Table de Codification de la Nature de compte bancaire</ePObjectLbl>
         </label>
         <description>
            <ePObjectDescription languageCod="fr">Table de Codification de la Nature de compte bancaire</ePObjectDescription>
            <ePObjectDescription languageCod="en">Table de Codification de la Nature de compte bancaire</ePObjectDescription>
         </description>
         <structure updateDate="2020-09-24" updateAuthor=" " updateSource=" ">
            <column paramTableColId="NATCPT_COD" bkParamTableColInd="1" mandatoryParamTableColInd="1" defaultLblParamTableColInd="0" paramTableColOrderNb="1">
               <label>
                  <ePObjectLbl languageCod="en">Nature de compte bancaire</ePObjectLbl>
                  <ePObjectLbl languageCod="fr">Nature de compte bancaire</ePObjectLbl>
               </label>
               <dataHeadingType dhtId="NATCPT_COD_DHT" dhtDataTypeId="String" dhtMaxLength="2" />
               <dataHeading dhId="NATCPT_COD" />
            </column>
            <column paramTableColId="NATCPT_LIB" bkParamTableColInd="0" mandatoryParamTableColInd="1" defaultLblParamTableColInd="1" paramTableColOrderNb="2">
               <label>
                  <ePObjectLbl languageCod="fr">Libellé du Nature de compte bancaire</ePObjectLbl>
                  <ePObjectLbl languageCod="en">Libellé du Nature de compte bancaire</ePObjectLbl>
               </label>
               <dataHeadingType dhtId="NATCPT_LIB_DHT" dhtDataTypeId="MultiLanguageString" dhtMaxLength="50" />
               <dataHeading dhId="NATCPT_LIB" />
            </column>
            <column paramTableColId="SUJET_NOM" bkParamTableColInd="0" mandatoryParamTableColInd="0" defaultLblParamTableColInd="0" paramTableColOrderNb="3">
               <label>
                  <ePObjectLbl languageCod="fr">Nom du sujet porteur</ePObjectLbl>
               </label>
               <dataHeadingType dhtId="CODE_32" dhtDataTypeId="Code" dhtMaxLength="32" dhtEnumFilterParamDomainId="COMMON" dhtEnumFilterParamTableId="SUJET" dhtEnumFilterParamTableColId="SUJET_NOM" />
               <dataHeading dhId="SUJET_NOM" />
            </column>
         </structure>
         <content>
            <parameter>
               <businessKey>
                  <cell paramTableColId="NATCPT_COD" value="01" />
               </businessKey>
               <occurrence occurStatus="Client" occurStartDate="1970-01-01" lastOccurUpdateDt="2014-06-10" lastOccurUpdateUsrId="admineditor" updateSource=" " occurValidationDate="1969-01-01" occurValidationUsrId="admineditor" timestamp="20222004110030131">
                  <cell paramTableColId="NATCPT_LIB" >
                        <label>
                        <ePObjectLbl languageCod="fr">Compte Chèque</ePObjectLbl>
                     </label>
                    </cell>
                  <cell paramTableColId="SUJET_NOM" />
               </occurrence>
            </parameter>
            <parameter>
               <businessKey>
                  <cell paramTableColId="NATCPT_COD" value="02" />
               </businessKey>
               <occurrence occurStatus="Client" occurStartDate="1970-01-01" lastOccurUpdateDt="2014-06-10" lastOccurUpdateUsrId="admineditor" updateSource=" " occurValidationDate="1969-01-01" occurValidationUsrId="admineditor" timestamp="20222004110030131">
                  <cell paramTableColId="NATCPT_LIB" >
                      <label>
                        <ePObjectLbl languageCod="fr">Compte Courant</ePObjectLbl>
                     </label>
                    </cell>
                  <cell paramTableColId="SUJET_NOM" />
               </occurrence>
            </parameter>
            <parameter>
               <businessKey>
                  <cell paramTableColId="NATCPT_COD" value="03" />
               </businessKey>
               <occurrence occurStatus="Client" occurStartDate="1970-01-01" lastOccurUpdateDt="2014-06-10" lastOccurUpdateUsrId="admineditor" updateSource=" " occurValidationDate="1969-01-01" occurValidationUsrId="admineditor" timestamp="20222004110030131">
                  <cell paramTableColId="NATCPT_LIB">
                       <label>
                        <ePObjectLbl languageCod="fr">Compte en Dirham Convertible</ePObjectLbl>
                     </label>
                    </cell>
                  <cell paramTableColId="SUJET_NOM" />
               </occurrence>
            </parameter>
            <parameter>
               <businessKey>
                  <cell paramTableColId="NATCPT_COD" value="04" />
               </businessKey>
               <occurrence occurStatus="Client" occurStartDate="1970-01-01" lastOccurUpdateDt="2014-06-10" lastOccurUpdateUsrId="admineditor" updateSource=" " occurValidationDate="1969-01-01" occurValidationUsrId="admineditor" timestamp="20222004110030131">
                  <cell paramTableColId="NATCPT_LIB" >
                  <label>
                        <ePObjectLbl languageCod="fr">Compte en devises</ePObjectLbl>
                     </label>
                    </cell>
                  <cell paramTableColId="SUJET_NOM" />
               </occurrence>
            </parameter>
            <parameter>
               <businessKey>
                  <cell paramTableColId="NATCPT_COD" value="05" />
               </businessKey>
               <occurrence occurStatus="Client" occurStartDate="1970-01-01" lastOccurUpdateDt="2014-06-10" lastOccurUpdateUsrId="admineditor" updateSource=" " occurValidationDate="1969-01-01" occurValidationUsrId="admineditor" timestamp="20222004110030131">
                  <cell paramTableColId="NATCPT_LIB" >
                        <label>
                        <ePObjectLbl languageCod="fr">Compte réglémenté</ePObjectLbl>
                     </label>
                    </cell>
                  <cell paramTableColId="SUJET_NOM" />
               </occurrence>
            </parameter>
            <parameter>
               <businessKey>
                  <cell paramTableColId="NATCPT_COD" value="06" />
               </businessKey>
               <occurrence occurStatus="Client" occurStartDate="1970-01-01" lastOccurUpdateDt="2014-06-10" lastOccurUpdateUsrId="admineditor" updateSource=" " occurValidationDate="1969-01-01" occurValidationUsrId="admineditor" timestamp="20222004110030131">
                  <cell paramTableColId="NATCPT_LIB" >
                        <label>
                        <ePObjectLbl languageCod="fr">Compte de correspondants</ePObjectLbl>
                     </label>
                    </cell>
                  <cell paramTableColId="SUJET_NOM" />
               </occurrence>
            </parameter>
            <parameter>
               <businessKey>
                  <cell paramTableColId="NATCPT_COD" value="07" />
               </businessKey>
               <occurrence occurStatus="Client" occurStartDate="1970-01-01" lastOccurUpdateDt="2014-06-10" lastOccurUpdateUsrId="admineditor" updateSource=" " occurValidationDate="1969-01-01" occurValidationUsrId="admineditor" timestamp="20222004110030131">
                  <cell paramTableColId="NATCPT_LIB" >
                        <label>
                        <ePObjectLbl languageCod="fr">Compte Spécial</ePObjectLbl>
                     </label>
                    </cell>
                  <cell paramTableColId="SUJET_NOM" />
               </occurrence>
            </parameter>
            <parameter>
               <businessKey>
                  <cell paramTableColId="NATCPT_COD" value="08" />
               </businessKey>
               <occurrence occurStatus="Client" occurStartDate="1970-01-01" lastOccurUpdateDt="2014-06-10" lastOccurUpdateUsrId="admineditor" updateSource=" " occurValidationDate="1969-01-01" occurValidationUsrId="admineditor" timestamp="20222004110030131">
                  <cell paramTableColId="NATCPT_LIB" >
                      <label>
                        <ePObjectLbl languageCod="fr">Compte sur Carnet</ePObjectLbl>
                     </label>
                    </cell>
                  <cell paramTableColId="SUJET_NOM" />
               </occurrence>
            </parameter>
            <parameter>
               <businessKey>
                  <cell paramTableColId="NATCPT_COD" value="09" />
               </businessKey>
               <occurrence occurStatus="Client" occurStartDate="1970-01-01" lastOccurUpdateDt="2014-06-10" lastOccurUpdateUsrId="admineditor" updateSource=" " occurValidationDate="1969-01-01" occurValidationUsrId="admineditor" timestamp="20222004110030131">
                  <cell paramTableColId="NATCPT_LIB" >
                       <label>
                        <ePObjectLbl languageCod="fr">Plan Epargne Logement</ePObjectLbl>
                     </label>
                    </cell>
                  <cell paramTableColId="SUJET_NOM" />
               </occurrence>
            </parameter>
            <parameter>
               <businessKey>
                  <cell paramTableColId="NATCPT_COD" value="10" />
               </businessKey>
               <occurrence occurStatus="Client" occurStartDate="1970-01-01" lastOccurUpdateDt="2014-06-10" lastOccurUpdateUsrId="admineditor" updateSource=" " occurValidationDate="1969-01-01" occurValidationUsrId="admineditor" timestamp="20222004110030131">
                  <cell paramTableColId="NATCPT_LIB" >
                         <label>
                        <ePObjectLbl languageCod="fr">Compte Chèque Personnel</ePObjectLbl>
                     </label>
                    </cell>
                  <cell paramTableColId="SUJET_NOM" />
               </occurrence>
            </parameter>
            <parameter>
               <businessKey>
                  <cell paramTableColId="NATCPT_COD" value="11" />
               </businessKey>
               <occurrence occurStatus="Client" occurStartDate="1970-01-01" lastOccurUpdateDt="2017-02-21" lastOccurUpdateUsrId="admineditor" updateSource=" " occurValidationDate="1969-01-01" occurValidationUsrId="admineditor" timestamp="20222004110030131">
                  <cell paramTableColId="NATCPT_LIB" >
                     <label>
                        <ePObjectLbl languageCod="fr">Compte bourse en ligne</ePObjectLbl>
                     </label>
                    </cell>
                  <cell paramTableColId="SUJET_NOM" />
               </occurrence>
            </parameter>
            <parameter>
               <businessKey>
                  <cell paramTableColId="NATCPT_COD" value="12" />
               </businessKey>
               <occurrence occurStatus="Client" occurStartDate="1970-01-01" lastOccurUpdateDt="2017-12-26" lastOccurUpdateUsrId="admineditor" updateSource=" " occurValidationDate="1969-01-01" occurValidationUsrId="admineditor" timestamp="20222004110030131">
                  <cell paramTableColId="NATCPT_LIB" >
                       <label>
                        <ePObjectLbl languageCod="fr">Compte paiement</ePObjectLbl>
                     </label>
                    </cell>
                  <cell paramTableColId="SUJET_NOM" />
               </occurrence>
            </parameter>
         </content>
      </table>
   </EP>
</import>

