<?xml version="1.0" encoding="UTF-8"?>
<import date="2020-09-24" source="exportFromUI">
   <EP>
      <table paramTableId="TYPE_INTERVENTION" paramDomainId="COMMON_BD" paramTableStatus="Client" paramTableScope="Universal" monoCurParamTableInd="0" unversionedParamTableInd="1" extParamTableInd="0" autoIncrParamTableInd="0" mode="global" exportId=" " lastParamTableExportDt="2020-09-24" timestamp="20222004110030131">
         <label>
            <ePObjectLbl languageCod="fr">Table de Codification du Rôle de l'intervenant</ePObjectLbl>
            <ePObjectLbl languageCod="en">Table de Codification du Rôle de l'intervenant</ePObjectLbl>
         </label>
         <description>
            <ePObjectDescription languageCod="fr">Table de Codification du Rôle de l'intervenant</ePObjectDescription>
            <ePObjectDescription languageCod="en">Table de Codification du Rôle de l'intervenant</ePObjectDescription>
         </description>
         <structure updateDate="2020-09-24" updateAuthor=" " updateSource=" ">
            <column paramTableColId="TYP_INTERV_COD" bkParamTableColInd="1" mandatoryParamTableColInd="1" defaultLblParamTableColInd="0" paramTableColOrderNb="1">
               <label>
                  <ePObjectLbl languageCod="en">Rôle de l'intervenant</ePObjectLbl>
                  <ePObjectLbl languageCod="fr">Rôle de l'intervenant</ePObjectLbl>
               </label>
               <dataHeadingType dhtId="TYP_INTERV_COD_DHT" dhtDataTypeId="String" dhtMaxLength="2" />
               <dataHeading dhId="TYP_INTERV_COD" />
            </column>
            <column paramTableColId="TYP_INTERV_LIB" bkParamTableColInd="0" mandatoryParamTableColInd="1" defaultLblParamTableColInd="1" paramTableColOrderNb="2">
               <label>
                  <ePObjectLbl languageCod="en">Libellé de Rôle de l'intervenant</ePObjectLbl>
                  <ePObjectLbl languageCod="fr">Libellé de Rôle de l'intervenant</ePObjectLbl>
               </label>
               <dataHeadingType dhtId="TYP_INTERV_LIB_DHT" dhtDataTypeId="MultiLanguageString" dhtMaxLength="50" />
               <dataHeading dhId="TYP_INTERV_LIB" />
            </column>
            <column paramTableColId="SUJET_NOM" bkParamTableColInd="0" mandatoryParamTableColInd="0" defaultLblParamTableColInd="0" paramTableColOrderNb="3">
               <label>
                  <ePObjectLbl languageCod="fr">Nom du sujet porteur</ePObjectLbl>
               </label>
               <dataHeadingType dhtId="CODE_32" dhtDataTypeId="Code" dhtMaxLength="32" dhtEnumFilterParamDomainId="COMMON" dhtEnumFilterParamTableId="SUJET" dhtEnumFilterParamTableColId="SUJET_NOM" />
               <dataHeading dhId="SUJET_NOM" />
            </column>
         </structure>
         <content>
            <parameter>
               <businessKey>
                  <cell paramTableColId="TYP_INTERV_COD" value="01" />
               </businessKey>
               <occurrence occurStatus="Client" lastOccurUpdateDt="2013-07-12" lastOccurUpdateUsrId="ADMINITG" updateSource=" " occurValidationDate="1970-01-01" timestamp="20222004110030131">
                  <cell paramTableColId="TYP_INTERV_LIB">
                   <label>
                        <ePObjectLbl languageCod="fr">TITULAIRE</ePObjectLbl>
                     </label>
                    </cell>
                  <cell paramTableColId="SUJET_NOM" />
               </occurrence>
            </parameter>
            <parameter>
               <businessKey>
                  <cell paramTableColId="TYP_INTERV_COD" value="02" />
               </businessKey>
               <occurrence occurStatus="Client" lastOccurUpdateDt="2013-07-12" lastOccurUpdateUsrId="ADMINITG" updateSource=" " occurValidationDate="1970-01-01" timestamp="20222004110030131">
                  <cell paramTableColId="TYP_INTERV_LIB" >
                       <label>
                        <ePObjectLbl languageCod="fr">PORTEUR</ePObjectLbl>
                     </label>
                    </cell>
                  <cell paramTableColId="SUJET_NOM" />
               </occurrence>
            </parameter>
            <parameter>
               <businessKey>
                  <cell paramTableColId="TYP_INTERV_COD" value="03" />
               </businessKey>
               <occurrence occurStatus="Client" lastOccurUpdateDt="2013-07-12" lastOccurUpdateUsrId="ADMINITG" updateSource=" " occurValidationDate="1970-01-01" timestamp="20222004110030131">
                  <cell paramTableColId="TYP_INTERV_LIB" >
                       <label>
                        <ePObjectLbl languageCod="fr">BENEFICIAIRE</ePObjectLbl>
                     </label>
                    </cell>
                  <cell paramTableColId="SUJET_NOM" />
               </occurrence>
            </parameter>
            <parameter>
               <businessKey>
                  <cell paramTableColId="TYP_INTERV_COD" value="04" />
               </businessKey>
               <occurrence occurStatus="Client" lastOccurUpdateDt="2013-07-12" lastOccurUpdateUsrId="ADMINITG" updateSource=" " occurValidationDate="1970-01-01" timestamp="20222004110030131">
                  <cell paramTableColId="TYP_INTERV_LIB" >
                   <label>
                        <ePObjectLbl languageCod="fr">MANDATAIRE</ePObjectLbl>
                     </label>
                        </cell>
                  <cell paramTableColId="SUJET_NOM" />
               </occurrence>
            </parameter>
            <parameter>
               <businessKey>
                  <cell paramTableColId="TYP_INTERV_COD" value="05" />
               </businessKey>
               <occurrence occurStatus="Client" lastOccurUpdateDt="2013-07-12" lastOccurUpdateUsrId="ADMINITG" updateSource=" " occurValidationDate="1970-01-01" timestamp="20222004110030131">
                  <cell paramTableColId="TYP_INTERV_LIB" >
                  <label>
                        <ePObjectLbl languageCod="fr">GARANT</ePObjectLbl>
                     </label>
                    </cell>
                  <cell paramTableColId="SUJET_NOM" />
               </occurrence>
            </parameter>
            <parameter>
               <businessKey>
                  <cell paramTableColId="TYP_INTERV_COD" value="06" />
               </businessKey>
               <occurrence occurStatus="Client" lastOccurUpdateDt="2013-07-12" lastOccurUpdateUsrId="ADMINITG" updateSource=" " occurValidationDate="1970-01-01" timestamp="20222004110030131">
                  <cell paramTableColId="TYP_INTERV_LIB" >
                  <label>
                        <ePObjectLbl languageCod="fr">CO-TITULAIRE</ePObjectLbl>
                     </label>
                        </cell>
                  <cell paramTableColId="SUJET_NOM" />
               </occurrence>
            </parameter>
            <parameter>
               <businessKey>
                  <cell paramTableColId="TYP_INTERV_COD" value="07" />
               </businessKey>
               <occurrence occurStatus="Client" lastOccurUpdateDt="2013-08-28" lastOccurUpdateUsrId="adminitg" updateSource=" " occurValidationDate="1969-01-01" occurValidationUsrId="adminitg" timestamp="20222004110030131">
                  <cell paramTableColId="TYP_INTERV_LIB" >
                       <label>
                        <ePObjectLbl languageCod="fr">SOUSCRIPTEUR</ePObjectLbl>
                     </label>
                       </cell>
                  <cell paramTableColId="SUJET_NOM" />
               </occurrence>
            </parameter>
            <parameter>
               <businessKey>
                  <cell paramTableColId="TYP_INTERV_COD" value="08" />
               </businessKey>
               <occurrence occurStatus="Client" lastOccurUpdateDt="2013-09-26" lastOccurUpdateUsrId="adminitg" updateSource=" " occurValidationDate="1969-01-01" occurValidationUsrId="adminitg" timestamp="20222004110030131">
                  <cell paramTableColId="TYP_INTERV_LIB" >
                     <label>
                        <ePObjectLbl languageCod="fr">PAYEUR</ePObjectLbl>
                     </label>
                        </cell>
                  <cell paramTableColId="SUJET_NOM" />
               </occurrence>
            </parameter>
            <parameter>
               <businessKey>
                  <cell paramTableColId="TYP_INTERV_COD" value="09" />
               </businessKey>
               <occurrence occurStatus="Client" lastOccurUpdateDt="2014-12-10" lastOccurUpdateUsrId="adminitg" updateSource=" " occurValidationDate="1969-01-01" occurValidationUsrId="adminitg" timestamp="20222004110030131">
                  <cell paramTableColId="TYP_INTERV_LIB" >
                       <label>
                        <ePObjectLbl languageCod="fr">ASSURE</ePObjectLbl>
                     </label>
                    </cell>
                  <cell paramTableColId="SUJET_NOM" />
               </occurrence>
            </parameter>
            <parameter>
               <businessKey>
                  <cell paramTableColId="TYP_INTERV_COD" value="10" />
               </businessKey>
               <occurrence occurStatus="Client" lastOccurUpdateDt="2014-12-26" lastOccurUpdateUsrId="adminitg" updateSource=" " occurValidationDate="1969-01-01" occurValidationUsrId="adminitg" timestamp="20222004110030131">
                  <cell paramTableColId="TYP_INTERV_LIB" >
                      <label>
                        <ePObjectLbl languageCod="fr">BENEFICIAIRE BDC</ePObjectLbl>
                     </label>
                        </cell>
                  <cell paramTableColId="SUJET_NOM" />
               </occurrence>
            </parameter>
            <parameter>
               <businessKey>
                  <cell paramTableColId="TYP_INTERV_COD" value="11" />
               </businessKey>
               <occurrence occurStatus="Client" lastOccurUpdateDt="2015-10-10" lastOccurUpdateUsrId="admineditor" updateSource=" " occurValidationDate="1969-01-01" occurValidationUsrId="admineditor" timestamp="20222004110030131">
                  <cell paramTableColId="TYP_INTERV_LIB">
                       <label>
                        <ePObjectLbl languageCod="fr">DONNEUR D ORDRE</ePObjectLbl>
                     </label>
                    </cell>
                  <cell paramTableColId="SUJET_NOM" />
               </occurrence>
            </parameter>
            <parameter>
               <businessKey>
                  <cell paramTableColId="TYP_INTERV_COD" value="12" />
               </businessKey>
               <occurrence occurStatus="Client" lastOccurUpdateDt="2015-10-10" lastOccurUpdateUsrId="admineditor" updateSource=" " occurValidationDate="1969-01-01" occurValidationUsrId="admineditor" timestamp="20222004110030131">
                  <cell paramTableColId="TYP_INTERV_LIB" >
                      <label>
                        <ePObjectLbl languageCod="fr">TUTEUR</ePObjectLbl>
                     </label>
                    </cell>
                  <cell paramTableColId="SUJET_NOM" />
               </occurrence>
            </parameter>
            <parameter>
               <businessKey>
                  <cell paramTableColId="TYP_INTERV_COD" value="13" />
               </businessKey>
               <occurrence occurStatus="Client" lastOccurUpdateDt="2015-10-09" lastOccurUpdateUsrId="admineditor" updateSource=" " occurValidationDate="1969-01-01" occurValidationUsrId="admineditor" timestamp="20222004110030131">
                  <cell paramTableColId="TYP_INTERV_LIB">
                      <label>
                        <ePObjectLbl languageCod="fr">UTILISATEUR</ePObjectLbl>
                     </label>
                    </cell>
                  <cell paramTableColId="SUJET_NOM" />
               </occurrence>
            </parameter>
            <parameter>
               <businessKey>
                  <cell paramTableColId="TYP_INTERV_COD" value="14" />
               </businessKey>
               <occurrence occurStatus="Client" lastOccurUpdateDt="2017-03-28" lastOccurUpdateUsrId="admineditor" updateSource=" " occurValidationDate="1969-01-01" occurValidationUsrId="admineditor" timestamp="20222004110030131">
                  <cell paramTableColId="TYP_INTERV_LIB">
                      <label>
                        <ePObjectLbl languageCod="fr">DESTINATAIRE DE LA CARTE PARAMETRE</ePObjectLbl>
                     </label>
                    </cell>
                  <cell paramTableColId="SUJET_NOM" />
               </occurrence>
            </parameter>
            <parameter>
               <businessKey>
                  <cell paramTableColId="TYP_INTERV_COD" value="15" />
               </businessKey>
               <occurrence occurStatus="Client" lastOccurUpdateDt="2017-03-28" lastOccurUpdateUsrId="admineditor" updateSource=" " occurValidationDate="1969-01-01" occurValidationUsrId="admineditor" timestamp="20222004110030131">
                  <cell paramTableColId="TYP_INTERV_LIB" >
                      <label>
                        <ePObjectLbl languageCod="fr">REPRESENTANT</ePObjectLbl>
                     </label>
                    </cell>
                  <cell paramTableColId="SUJET_NOM" />
               </occurrence>
            </parameter>
            <parameter>
               <businessKey>
                  <cell paramTableColId="TYP_INTERV_COD" value="16" />
               </businessKey>
               <occurrence occurStatus="Client" lastOccurUpdateDt="2017-03-07" lastOccurUpdateUsrId="admineditor" updateSource=" " occurValidationDate="1969-01-01" occurValidationUsrId="admineditor" timestamp="20222004110030131">
                  <cell paramTableColId="TYP_INTERV_LIB" >
                     <label>
                        <ePObjectLbl languageCod="fr">BENEFICIAIRE MISE A DISPOSITION</ePObjectLbl>
                     </label>
                    </cell>
                  <cell paramTableColId="SUJET_NOM" />
               </occurrence>
            </parameter>
            <parameter>
               <businessKey>
                  <cell paramTableColId="TYP_INTERV_COD" value="17" />
               </businessKey>
               <occurrence occurStatus="Client" lastOccurUpdateDt="2019-06-21" lastOccurUpdateUsrId="admineditor" updateSource=" " occurValidationDate="1969-01-01" occurValidationUsrId="admineditor" timestamp="20222004110030131">
                  <cell paramTableColId="TYP_INTERV_LIB" >
                     <label>
                        <ePObjectLbl languageCod="fr">ABONNE PRINCIPAL CIHONLINE PRO</ePObjectLbl>
                     </label>
                    </cell>
                  <cell paramTableColId="SUJET_NOM" />
               </occurrence>
            </parameter>
         </content>
      </table>
   </EP>
</import>

