<?xml version="1.0" encoding="UTF-8"?>
<import date="2020-09-24" source="exportFromUI">
   <EP>
      
      
      <table paramTableId="TYPE_RENOUVLT" paramDomainId="CATALOG_S" paramTableStatus="Client" paramTableScope="Universal" monoCurParamTableInd="0" unversionedParamTableInd="1" extParamTableInd="0" autoIncrParamTableInd="0" mode="global" exportId=" " lastParamTableExportDt="2020-09-24" timestamp="20222004110030131">
         <label>
            <ePObjectLbl languageCod="en">Table de Codification du Type de renouvellement</ePObjectLbl>
            <ePObjectLbl languageCod="fr">Table de Codification du Type de renouvellement</ePObjectLbl>
         </label>
         <description>
            <ePObjectDescription languageCod="en">Table de Codification du Type de renouvellement</ePObjectDescription>
            <ePObjectDescription languageCod="fr">Table de Codification du Type de renouvellement</ePObjectDescription>
         </description>
         <structure updateDate="2020-09-24" updateAuthor=" " updateSource=" ">
            <column paramTableColId="TYPRENVLT_COD" bkParamTableColInd="1" mandatoryParamTableColInd="1" defaultLblParamTableColInd="0" paramTableColOrderNb="1">
               <label>
                  <ePObjectLbl languageCod="en">Type de renouvellement</ePObjectLbl>
                  <ePObjectLbl languageCod="fr">Type de renouvellement</ePObjectLbl>
               </label>
               <dataHeadingType dhtId="TYPRENVLT_COD_DHT" dhtDataTypeId="String" dhtMaxLength="2" />
               <dataHeading dhId="TYPRENVLT_COD" />
            </column>
            <column paramTableColId="TYPRENVLT_LIB" bkParamTableColInd="0" mandatoryParamTableColInd="1" defaultLblParamTableColInd="1" paramTableColOrderNb="2">
               <label>
                  <ePObjectLbl languageCod="fr">Libellé de Type de renouvellement</ePObjectLbl>
                  <ePObjectLbl languageCod="en">Libellé de Type de renouvellement</ePObjectLbl>
               </label>
               <dataHeadingType dhtId="TYPRENVLT_LIB_DHT" dhtDataTypeId="MultiLanguageString" dhtMaxLength="50" />
               <dataHeading dhId="TYPRENVLT_LIB" />
            </column>
            <column paramTableColId="SUJET_NOM" bkParamTableColInd="0" mandatoryParamTableColInd="0" defaultLblParamTableColInd="0" paramTableColOrderNb="3">
               <label>
                  <ePObjectLbl languageCod="fr">Nom du sujet porteur</ePObjectLbl>
               </label>
               <dataHeadingType dhtId="CODE_32" dhtDataTypeId="Code" dhtMaxLength="32" dhtEnumFilterParamDomainId="COMMON" dhtEnumFilterParamTableId="SUJET" dhtEnumFilterParamTableColId="SUJET_NOM" />
               <dataHeading dhId="SUJET_NOM" />
            </column>
         </structure>
         <content>
            <parameter>
               <businessKey>
                  <cell paramTableColId="TYPRENVLT_COD" value="01" />
               </businessKey>
               <occurrence occurStatus="Client" lastOccurUpdateDt="2021-09-09" lastOccurUpdateUsrId="admineditor" updateSource=" " occurValidationDate="2020-09-24" occurValidationUsrId="admineditor" timestamp="20222004110030131">
                  <cell paramTableColId="TYPRENVLT_LIB">
                     <label>
                        <ePObjectLbl languageCod="fr">Renouvellement sous demande</ePObjectLbl>
                     </label>
				</cell>
                  <cell paramTableColId="SUJET_NOM" />
               </occurrence>
            </parameter>
            <parameter>
               <businessKey>
                  <cell paramTableColId="TYPRENVLT_COD" value="02" />
               </businessKey>
               <occurrence occurStatus="Client" lastOccurUpdateDt="2021-09-09" lastOccurUpdateUsrId="admineditor" updateSource=" " occurValidationDate="2020-09-24" occurValidationUsrId="admineditor" timestamp="20222004110030131">
                  <cell paramTableColId="TYPRENVLT_LIB" >
                     <label>
                        <ePObjectLbl languageCod="fr">Tacite reconduction</ePObjectLbl>
                     </label>
				</cell>
                  <cell paramTableColId="SUJET_NOM" />
               </occurrence>
            </parameter>
            <parameter>
               <businessKey>
                  <cell paramTableColId="TYPRENVLT_COD" value="03" />
               </businessKey>
               <occurrence occurStatus="Client" lastOccurUpdateDt="2021-09-09" lastOccurUpdateUsrId="admineditor" updateSource=" " occurValidationDate="2020-09-24" occurValidationUsrId="admineditor" timestamp="20222004110030131">
                  <cell paramTableColId="TYPRENVLT_LIB" >
                     <label>
                        <ePObjectLbl languageCod="fr">Non renouvelable</ePObjectLbl>
                     </label>
				</cell>
                  <cell paramTableColId="SUJET_NOM" />
               </occurrence>
            </parameter>
            <parameter>
               <businessKey>
                  <cell paramTableColId="TYPRENVLT_COD" value="A" />
               </businessKey>
               <occurrence occurStatus="Client" lastOccurUpdateDt="2021-09-09" lastOccurUpdateUsrId="admineditor" updateSource=" " occurValidationDate="2020-09-24" occurValidationUsrId="admineditor" timestamp="20222004110030131">
                  <cell paramTableColId="TYPRENVLT_LIB" >
                     <label>
                        <ePObjectLbl languageCod="fr">Tacite reconduction</ePObjectLbl>
                     </label>
				</cell>
                  <cell paramTableColId="SUJET_NOM" />
               </occurrence>
            </parameter>
            <parameter>
               <businessKey>
                  <cell paramTableColId="TYPRENVLT_COD" value="M" />
               </businessKey>
               <occurrence occurStatus="Client" lastOccurUpdateDt="2021-09-09" lastOccurUpdateUsrId="admineditor" updateSource=" " occurValidationDate="2020-09-24" occurValidationUsrId="admineditor" timestamp="20222004110030131">
                  <cell paramTableColId="TYPRENVLT_LIB" >
                     <label>
                        <ePObjectLbl languageCod="fr">Renouvellement sous demande</ePObjectLbl>
                     </label>
				</cell>
                  <cell paramTableColId="SUJET_NOM" />
               </occurrence>
            </parameter>
            <parameter>
               <businessKey>
                  <cell paramTableColId="TYPRENVLT_COD" value="N" />
               </businessKey>
               <occurrence occurStatus="Client" lastOccurUpdateDt="2021-09-09" lastOccurUpdateUsrId="admineditor" updateSource=" " occurValidationDate="2020-09-24" occurValidationUsrId="admineditor" timestamp="20222004110030131">
                  <cell paramTableColId="TYPRENVLT_LIB" >
                     <label>
                        <ePObjectLbl languageCod="fr">Non renouvelable</ePObjectLbl>
                     </label>
				</cell>
                  <cell paramTableColId="SUJET_NOM" />
               </occurrence>
            </parameter>
         </content>
      </table>
   </EP>
</import>

